{"q_proj": [44.432674407958984, 15.560131072998047, 11.141063690185547, 12.510318756103516, 13.096429824829102, 12.072874069213867, 12.317168235778809, 12.73567008972168, 10.950423240661621, 10.786581039428711, 10.79208755493164, 12.04459285736084, 10.169218063354492, 10.30117130279541, 12.348493576049805, 12.256424903869629, 11.716832160949707, 11.9512300491333, 11.646891593933105, 12.78822135925293, 12.24556827545166, 11.684700012207031, 11.984392166137695, 11.361980438232422, 11.283164978027344, 10.26528549194336, 12.791739463806152, 13.750679016113281], "k_proj": [26.54134750366211, 11.303337097167969, 7.534956932067871, 8.576637268066406, 8.869529724121094, 8.341771125793457, 9.175354957580566, 9.805336952209473, 8.724613189697266, 8.32712459564209, 7.895501613616943, 9.21277141571045, 8.253071784973145, 8.467226028442383, 9.12921142578125, 8.625709533691406, 8.6677827835083, 8.524324417114258, 8.410829544067383, 8.62809944152832, 8.425861358642578, 7.854689598083496, 7.433180809020996, 8.18101692199707, 7.8939948081970215, 7.394106388092041, 7.812402725219727, 9.130234718322754], "v_proj": [1.5935472249984741, 1.4521560668945312, 1.5473315715789795, 1.4516005516052246, 1.6177091598510742, 1.4136216640472412, 1.561703085899353, 1.587106704711914, 1.498672604560852, 1.667823314666748, 1.6357024908065796, 1.7917120456695557, 1.5223369598388672, 1.4345566034317017, 1.4867053031921387, 1.4325042963027954, 1.5803724527359009, 1.4199086427688599, 1.615599274635315, 1.5668952465057373, 1.8165278434753418, 1.841373085975647, 1.968833088874817, 1.9147913455963135, 2.063303232192993, 2.364375114440918, 2.7214009761810303, 2.108551263809204], "o_proj": [4.812948226928711, 5.279509544372559, 5.124566555023193, 4.620662689208984, 4.24375057220459, 3.488473653793335, 3.639497995376587, 3.3845248222351074, 3.785053253173828, 4.095130920410156, 3.6221704483032227, 3.931035041809082, 3.3434839248657227, 3.0321056842803955, 3.8832459449768066, 4.192211627960205, 3.8009023666381836, 3.7428207397460938, 4.17728853225708, 3.3815975189208984, 3.571075439453125, 3.253248453140259, 3.5703375339508057, 3.807380437850952, 4.669026851654053, 5.5612640380859375, 5.43165397644043, 5.076023101806641], "gate_proj": [8.249046325683594, 8.336031913757324, 9.428240776062012, 11.516871452331543, 14.555334091186523, 13.760786056518555, 14.091785430908203, 13.349621772766113, 13.334223747253418, 13.724666595458984, 12.969440460205078, 12.98799991607666, 13.469413757324219, 13.609098434448242, 14.385454177856445, 14.87920093536377, 13.421690940856934, 12.615530967712402, 12.349157333374023, 11.809048652648926, 10.842001914978027, 9.681029319763184, 9.490798950195312, 11.753302574157715, 14.083996772766113, 14.687117576599121, 15.354764938354492, 16.971437454223633], "up_proj": [5.775956153869629, 4.391613960266113, 3.8511862754821777, 3.6219875812530518, 3.624047040939331, 3.8596014976501465, 3.9602348804473877, 4.148861885070801, 4.079182147979736, 4.024482250213623, 4.530449390411377, 4.350909233093262, 4.261867046356201, 3.985318660736084, 4.015890598297119, 4.217031955718994, 4.2286763191223145, 4.246160984039307, 4.357598781585693, 4.629316329956055, 4.511490345001221, 4.206631660461426, 4.369058132171631, 5.1195387840271, 6.491782188415527, 8.843563079833984, 12.337530136108398, 20.237428665161133], "down_proj": [6.124311923980713, 5.7220988273620605, 5.709525108337402, 4.999823093414307, 5.410017013549805, 5.202238082885742, 5.739993095397949, 6.7799296379089355, 6.9087958335876465, 7.29482889175415, 7.365097522735596, 7.535872936248779, 5.755869388580322, 5.5585150718688965, 5.776895046234131, 5.225382328033447, 4.725497245788574, 4.2513813972473145, 4.542914867401123, 4.472001075744629, 4.224295139312744, 4.7023749351501465, 4.697375297546387, 4.5848469734191895, 4.973267555236816, 4.519467830657959, 4.539727687835693, 4.734921932220459]}