{"q_proj": [30.598098754882812, 12.431886672973633, 9.361370086669922, 9.994776725769043, 10.081869125366211, 9.423453330993652, 9.39062213897705, 9.408013343811035, 8.157536506652832, 8.101515769958496, 7.883594512939453, 8.072437286376953, 9.94328784942627, 8.468490600585938, 8.416468620300293, 10.034711837768555, 9.839112281799316, 10.423551559448242, 9.859336853027344, 9.891057968139648, 9.441373825073242, 9.922383308410645, 9.078826904296875, 9.46019172668457, 8.819936752319336, 9.228472709655762, 8.944501876831055, 9.738762855529785, 10.413398742675781, 8.890938758850098, 10.76186752319336, 12.266669273376465], "k_proj": [18.3913631439209, 8.95368766784668, 6.923908710479736, 7.192562103271484, 7.553739070892334, 7.628326416015625, 8.111225128173828, 8.113117218017578, 7.539405345916748, 7.118910312652588, 6.999347686767578, 6.852007865905762, 7.855284690856934, 7.4588823318481445, 7.485916614532471, 7.929566860198975, 8.3103666305542, 7.6732025146484375, 7.863155364990234, 7.392696380615234, 7.525797367095947, 7.410648345947266, 6.996856689453125, 7.063031196594238, 6.7444329261779785, 6.650259017944336, 7.185686111450195, 7.298861503601074, 7.5165510177612305, 7.559725761413574, 7.318431854248047, 8.364577293395996], "v_proj": [1.5092298984527588, 1.244835615158081, 0.9389052391052246, 0.9135912656784058, 1.041339635848999, 0.9085813164710999, 0.9839838743209839, 1.0599991083145142, 0.994324803352356, 1.2186187505722046, 1.1272974014282227, 1.139082431793213, 1.1394038200378418, 1.023146390914917, 0.9841700792312622, 1.1356498003005981, 1.019709587097168, 1.133034586906433, 1.0477584600448608, 1.1392585039138794, 1.1467212438583374, 1.1519174575805664, 1.1924716234207153, 1.439761757850647, 1.363020420074463, 1.5058634281158447, 1.4701043367385864, 1.7108511924743652, 1.7294397354125977, 1.850329875946045, 2.3384172916412354, 2.332815408706665], "o_proj": [4.488458633422852, 4.577249050140381, 4.014857769012451, 3.7781639099121094, 3.264448881149292, 2.610541582107544, 2.7121191024780273, 2.4969089031219482, 2.990568161010742, 2.9571175575256348, 2.8735058307647705, 2.7590765953063965, 2.7260313034057617, 2.868043899536133, 2.3532257080078125, 3.07843279838562, 3.0532026290893555, 3.4444236755371094, 3.335625410079956, 3.3537423610687256, 3.742701768875122, 2.8234527111053467, 3.2816383838653564, 2.947439193725586, 2.5637826919555664, 2.715909719467163, 3.266340970993042, 4.26678991317749, 4.669807434082031, 3.9345529079437256, 4.266104221343994, 3.263298988342285], "gate_proj": [8.946219444274902, 6.703042984008789, 7.781970500946045, 9.193824768066406, 11.225046157836914, 11.315604209899902, 11.568807601928711, 11.202130317687988, 11.27084732055664, 12.063209533691406, 11.724883079528809, 11.492176055908203, 12.081249237060547, 12.382781028747559, 12.484419822692871, 13.489423751831055, 13.396024703979492, 13.112786293029785, 12.579341888427734, 11.74862289428711, 11.614157676696777, 11.189753532409668, 11.133133888244629, 10.635336875915527, 9.82807445526123, 9.51005744934082, 10.375567436218262, 12.00605583190918, 12.193785667419434, 12.851359367370605, 14.576972961425781, 22.652210235595703], "up_proj": [5.1235880851745605, 3.174497604370117, 2.9804835319519043, 2.7491116523742676, 2.8475162982940674, 3.1833314895629883, 3.2486910820007324, 3.444758892059326, 3.3591361045837402, 3.3792130947113037, 3.394517421722412, 3.4453980922698975, 3.821068286895752, 3.606457471847534, 3.559178590774536, 3.5455920696258545, 3.7291946411132812, 3.6988272666931152, 3.613133192062378, 3.4490246772766113, 3.5377726554870605, 3.6388378143310547, 3.5271451473236084, 3.343271017074585, 3.079977035522461, 3.192958116531372, 3.6674749851226807, 4.303849220275879, 5.147907257080078, 6.293952465057373, 9.606999397277832, 17.346040725708008], "down_proj": [6.129007339477539, 4.6028923988342285, 4.54136848449707, 3.9901928901672363, 4.319015026092529, 4.212417125701904, 4.855827808380127, 5.790538787841797, 5.57070779800415, 5.7708210945129395, 5.604785919189453, 6.571909427642822, 6.062600135803223, 4.922637939453125, 4.704833507537842, 4.599946022033691, 4.086511611938477, 4.199577808380127, 4.222401142120361, 3.6706435680389404, 3.6291558742523193, 3.5344512462615967, 3.123934745788574, 3.203577995300293, 3.764719009399414, 4.1435747146606445, 3.688952684402466, 3.6410951614379883, 3.6024646759033203, 2.899340867996216, 3.2130088806152344, 3.720228672027588]}