{"q_proj": [64.49512481689453, 61.56239700317383, 55.093467712402344, 52.48307800292969, 56.423580169677734, 52.56623840332031, 54.298980712890625, 52.75224304199219, 57.17586898803711, 52.45880126953125, 55.797760009765625, 50.15526580810547, 51.023193359375, 48.25457000732422, 54.575523376464844, 55.5072021484375, 55.88400650024414, 49.40227508544922, 49.27106475830078, 49.44392395019531, 49.56312942504883, 50.56623840332031, 49.486602783203125, 50.96535873413086, 51.43303298950195, 51.02855682373047, 51.111961364746094, 50.70269775390625, 52.481849670410156, 52.921321868896484, 51.48537826538086, 55.63400650024414], "k_proj": [63.440650939941406, 58.468170166015625, 57.42005157470703, 55.10165786743164, 56.575523376464844, 60.005977630615234, 53.54901123046875, 52.02855682373047, 57.43511962890625, 55.389671325683594, 55.52574920654297, 53.70111846923828, 51.28896713256836, 53.287742614746094, 54.766029357910156, 53.923580169677734, 54.751434326171875, 53.724853515625, 51.921321868896484, 52.677093505859375, 52.33642578125, 53.625587463378906, 53.724853515625, 56.990909576416016, 53.87233352661133, 54.275169372558594, 54.075523376464844, 55.62852096557617, 52.60165786743164, 54.375587463378906, 54.15803527832031, 58.181549072265625], "v_proj": [44.21160125732422, 44.30134582519531, 41.964927673339844, 49.154296875, 43.410274505615234, 48.654296875, 41.5005989074707, 43.90991973876953, 44.63416290283203, 44.534324645996094, 41.6418342590332, 42.695960998535156, 45.794002532958984, 46.00847625732422, 44.426971435546875, 47.266876220703125, 45.380428314208984, 41.81916809082031, 43.87885284423828, 44.80011749267578, 42.72772979736328, 46.37007522583008, 45.16124725341797, 43.52943420410156, 45.556724548339844, 46.654296875, 47.154296875, 52.29163360595703, 47.081058502197266, 50.183326721191406, 50.820716857910156, 51.83765411376953], "o_proj": [59.809566497802734, 58.38219451904297, 56.77406692504883, 55.56501388549805, 54.86036682128906, 55.16094970703125, 62.89226150512695, 56.61147689819336, 58.335201263427734, 55.21983337402344, 60.312232971191406, 54.54901123046875, 59.27284240722656, 59.56239700317383, 52.15526580810547, 58.241661071777344, 59.203636169433594, 57.698917388916016, 62.36191940307617, 55.70392608642578, 55.585201263427734, 51.506126403808594, 53.201473236083984, 55.24790573120117, 53.25843048095703, 55.62852096557617, 54.625587463378906, 57.273399353027344, 59.6676025390625, 55.016029357910156, 52.91094970703125, 57.20244598388672], "gate_proj": [58.34131622314453, 60.44187545776367, 55.71676254272461, 59.61406707763672, 56.921627044677734, 54.34254455566406, 57.918827056884766, 56.25898742675781, 53.62123489379883, 57.418540954589844, 54.52406692504883, 55.02574920654297, 56.08373260498047, 56.73858642578125, 56.808074951171875, 54.61529541015625, 56.523399353027344, 54.799678802490234, 54.799678802490234, 53.67005157470703, 54.62852096557617, 56.695404052734375, 53.95486068725586, 53.62166213989258, 53.813621520996094, 51.85165786743164, 55.33373260498047, 53.90803527832031, 56.592613220214844, 56.168827056884766, 58.048927307128906, 59.25319290161133], "up_proj": [51.90102767944336, 58.58373260498047, 53.39067459106445, 54.36036682128906, 55.23259353637695, 58.163055419921875, 55.12123489379883, 53.798980712890625, 53.421321868896484, 50.861595153808594, 52.14794158935547, 50.09469223022461, 54.87233352661133, 55.297760009765625, 55.15803527832031, 52.548980712890625, 51.91002655029297, 52.1712760925293, 51.006126403808594, 52.481849670410156, 51.85669708251953, 58.19549560546875, 48.63743591308594, 49.31460189819336, 52.894142150878906, 50.93434143066406, 53.923580169677734, 50.1424560546875, 51.48537826538086, 54.791664123535156, 54.37166213989258, 56.50367736816406], "down_proj": [61.80834197998047, 63.03662872314453, 57.96337127685547, 57.335201263427734, 59.680625915527344, 60.298927307128906, 59.819583892822266, 59.312232971191406, 61.864437103271484, 60.84138488769531, 58.680625915527344, 60.029029846191406, 61.77203369140625, 63.71951675415039, 57.161720275878906, 59.122257232666016, 59.279029846191406, 58.931549072265625, 56.735958099365234, 61.82085037231445, 56.735958099365234, 59.1418342590332, 57.877296447753906, 59.632076263427734, 58.58561706542969, 60.03662872314453, 59.940650939941406, 53.92005157470703, 58.44192123413086, 60.818359375, 56.741661071777344, 59.342613220214844]}