{"q_proj": [51.96247482299805, 47.133304595947266, 44.58373260498047, 39.66002655029297, 44.31956100463867, 41.41427993774414, 40.50843048095703, 37.071346282958984, 42.88219451904297, 38.006126403808594, 38.924896240234375, 36.97106170654297, 38.798980712890625, 41.40803527832031, 42.50367736816406, 38.3621826171875, 40.21676254272461, 38.671321868896484, 36.273193359375, 37.60641098022461, 37.111961364746094, 39.50843048095703, 39.62123489379883, 37.361961364746094, 37.361961364746094, 38.343467712402344, 39.31501388549805, 40.525169372558594], "k_proj": [48.973045349121094, 43.97452163696289, 48.382076263427734, 43.251434326171875, 43.389671325683594, 45.75776290893555, 40.041961669921875, 38.21535873413086, 42.96337127685547, 40.037742614746094, 42.858253479003906, 38.924896240234375, 39.48259353637695, 41.45392608642578, 40.058353424072266, 40.67005157470703, 38.61036682128906, 40.67005157470703, 38.96983337402344, 39.71676254272461, 40.26892852783203, 40.724853515625, 42.0072021484375, 42.50367736816406, 43.27284240722656, 42.75367736816406, 43.27284240722656, 45.607025146484375], "v_proj": [32.21723175048828, 32.23286819458008, 31.12308120727539, 35.139427185058594, 33.72011184692383, 33.870521545410156, 32.06975555419922, 34.54563903808594, 34.938201904296875, 32.96600341796875, 33.074092864990234, 34.94970703125, 36.757728576660156, 33.8939208984375, 39.83765411376953, 32.23454666137695, 33.507957458496094, 33.182098388671875, 33.23163986206055, 35.906494140625, 33.02119827270508, 35.340877532958984, 35.703922271728516, 35.26714324951172, 37.7989616394043, 37.27106475830078, 38.78896713256836, 40.29179763793945], "o_proj": [46.280696868896484, 45.34131622314453, 43.68526840209961, 43.173580169677734, 43.22452163696289, 41.83642578125, 50.862545013427734, 42.951473236083984, 47.996681213378906, 47.812232971191406, 49.30834197998047, 46.413055419921875, 47.569610595703125, 42.791961669921875, 45.723297119140625, 45.14677047729492, 44.809566497802734, 44.235958099365234, 42.20486068725586, 41.57078552246094, 40.82078552246094, 40.66427993774414, 40.97452163696289, 42.65972137451172, 40.558353424072266, 41.823001861572266, 42.02406692504883, 49.26850509643555], "gate_proj": [48.3918342590332, 48.382076263427734, 42.025169372558594, 43.79379653930664, 43.672874450683594, 41.47452163696289, 45.005977630615234, 42.50898742675781, 40.26892852783203, 45.529029846191406, 42.217525482177734, 43.729400634765625, 44.382781982421875, 45.7755012512207, 42.608253479003906, 43.168827056884766, 43.445404052734375, 42.280696868896484, 42.58684158325195, 45.107025146484375, 44.319610595703125, 42.37348175048828, 41.11529541015625, 42.990909576416016, 41.717525482177734, 40.70486068725586, 47.16027069091797, 49.12885284423828], "up_proj": [40.148223876953125, 49.63155746459961, 44.79379653930664, 41.171321868896484, 43.468170166015625, 43.90972137451172, 41.75843048095703, 44.973297119140625, 41.16094970703125, 40.174896240234375, 38.862701416015625, 42.639671325683594, 45.127010345458984, 41.775169372558594, 39.6712760925293, 38.756126403808594, 38.17831802368164, 38.103759765625, 41.47452163696289, 45.246681213378906, 37.898223876953125, 39.87123489379883, 38.8621826171875, 37.353759765625, 39.927093505859375, 43.52284240722656, 47.42863464355469, 49.93942642211914], "down_proj": [50.946468353271484, 49.190650939941406, 46.430625915527344, 43.61529541015625, 48.382076263427734, 45.668540954589844, 48.695960998535156, 46.38096618652344, 48.39226150512695, 47.89293670654297, 46.66474151611328, 45.882781982421875, 50.653160095214844, 43.467525482177734, 44.59613800048828, 47.84612274169922, 41.00490188598633, 49.154605865478516, 46.47207260131836, 39.921321868896484, 46.632076263427734, 45.372257232666016, 46.53953170776367, 47.475460052490234, 43.299156188964844, 45.74043655395508, 42.48062515258789, 48.53953170776367]}