{"q_proj": [0.00188446044921875, 0.0016326904296875, 0.001953125, 0.0020294189453125, 0.002044677734375, 0.0021514892578125, 0.002227783203125, 0.002197265625, 0.0022735595703125, 0.0023193359375, 0.002349853515625, 0.0023651123046875, 0.002471923828125, 0.0023956298828125, 0.00250244140625, 0.0025787353515625, 0.00250244140625, 0.0025482177734375, 0.002593994140625, 0.0025787353515625, 0.0025634765625, 0.00250244140625, 0.0024566650390625, 0.0024871826171875, 0.0025177001953125, 0.0024261474609375, 0.0025482177734375, 0.0024566650390625], "k_proj": [0.0022735595703125, 0.00157928466796875, 0.001922607421875, 0.0019683837890625, 0.0019989013671875, 0.0021820068359375, 0.002197265625, 0.00225830078125, 0.0023345947265625, 0.00238037109375, 0.002471923828125, 0.00238037109375, 0.0025787353515625, 0.0025634765625, 0.00244140625, 0.0025634765625, 0.0025177001953125, 0.0025482177734375, 0.0025787353515625, 0.002593994140625, 0.00250244140625, 0.0024566650390625, 0.00244140625, 0.002471923828125, 0.0024871826171875, 0.002410888671875, 0.0024871826171875, 0.0023345947265625], "v_proj": [0.00142669677734375, 0.0016632080078125, 0.0017547607421875, 0.00171661376953125, 0.00177001953125, 0.00177764892578125, 0.00173187255859375, 0.001678466796875, 0.00173187255859375, 0.00171661376953125, 0.00170135498046875, 0.00168609619140625, 0.00168609619140625, 0.00173187255859375, 0.00173187255859375, 0.00179290771484375, 0.0018463134765625, 0.0019683837890625, 0.00201416015625, 0.00194549560546875, 0.0021209716796875, 0.002166748046875, 0.0021820068359375, 0.0021209716796875, 0.0022125244140625, 0.002105712890625, 0.0020751953125, 0.00182342529296875], "o_proj": [0.001708984375, 0.00171661376953125, 0.00193023681640625, 0.00182342529296875, 0.0018157958984375, 0.0018463134765625, 0.0017852783203125, 0.00168609619140625, 0.0016326904296875, 0.0016632080078125, 0.0016632080078125, 0.00164031982421875, 0.00171661376953125, 0.00164031982421875, 0.00179290771484375, 0.00189971923828125, 0.0020751953125, 0.002197265625, 0.0022735595703125, 0.0021209716796875, 0.0023651123046875, 0.0023651123046875, 0.0023651123046875, 0.0022735595703125, 0.002349853515625, 0.0022735595703125, 0.002197265625, 0.0020599365234375], "gate_proj": [0.0018463134765625, 0.0019683837890625, 0.0020751953125, 0.00213623046875, 0.0022125244140625, 0.00225830078125, 0.0023345947265625, 0.0023956298828125, 0.0024566650390625, 0.0025177001953125, 0.002532958984375, 0.0025482177734375, 0.0025634765625, 0.0025787353515625, 0.0026092529296875, 0.0026397705078125, 0.002655029296875, 0.002655029296875, 0.002655029296875, 0.0026092529296875, 0.00262451171875, 0.0026397705078125, 0.002655029296875, 0.0026702880859375, 0.0026702880859375, 0.002655029296875, 0.002593994140625, 0.0024566650390625], "up_proj": [0.0018310546875, 0.0019073486328125, 0.001983642578125, 0.0019683837890625, 0.0019073486328125, 0.00193023681640625, 0.00194549560546875, 0.00201416015625, 0.002044677734375, 0.0020904541015625, 0.0021514892578125, 0.002166748046875, 0.0021820068359375, 0.002166748046875, 0.002166748046875, 0.0021820068359375, 0.0022125244140625, 0.0022430419921875, 0.00225830078125, 0.0022430419921875, 0.002349853515625, 0.0023956298828125, 0.0024261474609375, 0.00244140625, 0.0024261474609375, 0.00244140625, 0.0023651123046875, 0.0023040771484375], "down_proj": [0.00182342529296875, 0.0019378662109375, 0.0019683837890625, 0.00201416015625, 0.001953125, 0.0019989013671875, 0.00201416015625, 0.0020599365234375, 0.0020751953125, 0.002105712890625, 0.00213623046875, 0.0021514892578125, 0.002166748046875, 0.0021820068359375, 0.00213623046875, 0.002166748046875, 0.002227783203125, 0.00225830078125, 0.0022735595703125, 0.00225830078125, 0.002349853515625, 0.002410888671875, 0.0024566650390625, 0.0024566650390625, 0.00244140625, 0.002349853515625, 0.0021820068359375, 0.0019073486328125]}