{"q_proj": [196.83546447753906, 847.3303833007812, 1184.7225341796875, 1203.6024169921875, 1127.333984375, 1080.4327392578125, 1085.1483154296875, 1021.5941772460938, 984.7683715820312, 975.8472290039062, 1016.8173217773438, 985.8536987304688, 911.8038940429688, 960.4932250976562, 914.4136962890625, 1010.441162109375, 1154.242919921875, 1227.1949462890625, 1223.4842529296875, 1189.3218994140625, 1304.1458740234375, 1254.583251953125, 1284.664306640625, 1272.16162109375, 1278.309326171875, 1387.971435546875, 828.5399169921875, 983.1876220703125], "k_proj": [169.93557739257812, 419.1248779296875, 586.6373291015625, 587.1858520507812, 567.1173095703125, 586.8245239257812, 580.4124755859375, 536.7459106445312, 518.2183837890625, 515.847900390625, 527.8877563476562, 500.7198791503906, 471.2199401855469, 497.2522277832031, 520.167236328125, 518.698974609375, 553.3514404296875, 609.5321044921875, 600.9627075195312, 593.6605834960938, 612.8895874023438, 600.0947875976562, 617.926025390625, 578.7145385742188, 599.6585693359375, 666.5761108398438, 467.2074279785156, 511.6288146972656], "v_proj": [673.2401733398438, 777.2823486328125, 731.2595825195312, 820.224853515625, 797.576416015625, 759.9285888671875, 771.4199829101562, 710.7650146484375, 759.9329223632812, 701.7698974609375, 660.5025634765625, 711.9335327148438, 715.8137817382812, 762.1974487304688, 832.6693115234375, 834.4224853515625, 749.8742065429688, 779.8591918945312, 795.1529541015625, 825.3121337890625, 799.9996948242188, 755.1568603515625, 791.6915893554688, 861.3875122070312, 769.9334716796875, 831.5119018554688, 753.3614501953125, 781.1249389648438], "o_proj": [1208.3621826171875, 1372.74462890625, 1339.359619140625, 1497.21826171875, 1486.30517578125, 1395.06787109375, 1424.1258544921875, 1339.745361328125, 1327.6717529296875, 1305.7811279296875, 1254.8284912109375, 1334.8773193359375, 1288.0072021484375, 1317.5413818359375, 1443.095458984375, 1434.459228515625, 1475.509521484375, 1483.1729736328125, 1562.82666015625, 1600.1954345703125, 1681.597900390625, 1661.13916015625, 1673.221923828125, 1629.953857421875, 1593.353515625, 1572.5556640625, 1441.82568359375, 1476.6251220703125], "gate_proj": [2179.463134765625, 2156.23291015625, 2298.765625, 2185.725341796875, 2096.412109375, 2085.030029296875, 2048.4892578125, 2029.5107421875, 1950.403076171875, 1933.662353515625, 1946.5482177734375, 1954.62255859375, 1935.4925537109375, 1945.666748046875, 1935.225830078125, 2015.5479736328125, 2134.382568359375, 2184.13427734375, 2214.217529296875, 2233.401123046875, 2275.367919921875, 2301.294677734375, 2303.556396484375, 2259.201904296875, 2191.51318359375, 2106.117919921875, 2041.3779296875, 1894.1824951171875], "up_proj": [2405.09033203125, 2386.27685546875, 2460.354248046875, 2492.385009765625, 2515.043212890625, 2484.253662109375, 2465.927490234375, 2443.014892578125, 2392.915283203125, 2352.79345703125, 2346.091796875, 2375.33203125, 2352.644287109375, 2401.605224609375, 2412.373291015625, 2417.703857421875, 2422.5, 2424.068115234375, 2425.3837890625, 2427.598388671875, 2407.434326171875, 2408.773193359375, 2413.85546875, 2419.98876953125, 2408.416015625, 2331.813720703125, 2206.8232421875, 1728.979248046875], "down_proj": [2416.5791015625, 2468.915771484375, 2340.41455078125, 2325.97021484375, 2343.91357421875, 2321.140625, 2308.61572265625, 2204.139404296875, 2209.126953125, 2193.390869140625, 2149.07421875, 2231.2529296875, 2269.9873046875, 2301.57568359375, 2387.2021484375, 2419.67724609375, 2402.44140625, 2419.767333984375, 2416.299072265625, 2428.181884765625, 2393.983642578125, 2349.5556640625, 2269.83154296875, 2241.0927734375, 2137.524658203125, 2313.927734375, 2364.04833984375, 2331.787109375]}