{"q_proj": [0.99609375, 1.0, 0.99609375, 0.99609375, 0.99609375, 0.9921875, 0.9921875, 0.9921875, 0.98828125, 0.98828125, 0.9921875, 0.98828125, 0.98828125, 0.98828125, 0.98828125, 0.9921875], "k_proj": [0.99609375, 0.99609375, 1.0, 1.0, 0.99609375, 0.98828125, 0.9921875, 0.9921875, 0.9921875, 0.99609375, 0.99609375, 0.99609375, 0.99609375, 0.98828125, 0.9921875, 0.98828125], "v_proj": [0.984375, 0.984375, 0.984375, 0.98828125, 0.984375, 0.984375, 0.984375, 0.98828125, 0.984375, 0.9921875, 0.984375, 0.984375, 0.98046875, 0.984375, 0.99609375, 0.98828125], "o_proj": [0.984375, 0.98828125, 0.98046875, 0.98828125, 0.98828125, 0.984375, 0.98828125, 0.98828125, 0.9921875, 0.984375, 0.98828125, 0.98046875, 0.98046875, 0.98046875, 0.98828125, 0.98828125], "gate_proj": [0.9921875, 0.98828125, 0.984375, 0.9921875, 0.98828125, 0.984375, 0.984375, 0.98828125, 0.98046875, 0.984375, 0.98828125, 0.98828125, 0.9921875, 0.98046875, 0.984375, 0.98828125], "up_proj": [0.9921875, 0.98828125, 0.98828125, 0.98828125, 0.98828125, 0.98828125, 0.984375, 0.984375, 0.98046875, 0.984375, 0.98046875, 0.984375, 0.9765625, 0.98046875, 0.9765625, 0.984375], "down_proj": [0.99609375, 0.984375, 0.9921875, 0.98828125, 0.984375, 0.98828125, 0.984375, 0.98046875, 0.98828125, 0.984375, 0.984375, 0.984375, 0.98046875, 0.98046875, 0.98046875, 0.984375]}