{"q_proj": [701.089599609375, 1575.266845703125, 2176.623291015625, 2293.407958984375, 2203.427490234375, 2075.319091796875, 2174.79248046875, 2116.400634765625, 2020.9556884765625, 2003.836669921875, 2016.242919921875, 2073.01416015625, 2090.109130859375, 1905.475341796875, 1979.127685546875, 1970.22802734375, 2112.078857421875, 2113.021240234375, 2273.361083984375, 2364.052978515625, 2354.273681640625, 2385.632080078125, 2398.598388671875, 2475.780517578125, 2396.359375, 2414.338134765625, 2404.7666015625, 2385.576904296875, 2452.774169921875, 2508.81103515625, 2010.6025390625, 2216.442138671875], "k_proj": [310.60986328125, 554.0320434570312, 722.1334228515625, 752.828125, 744.2411499023438, 748.2167358398438, 765.623779296875, 748.9609985351562, 723.4442749023438, 724.7232666015625, 738.7422485351562, 746.312744140625, 736.3614501953125, 692.700927734375, 716.6478881835938, 742.0527954101562, 743.5608520507812, 744.6864624023438, 755.83056640625, 800.2694091796875, 781.4915161132812, 790.7936401367188, 787.6786499023438, 806.1234741210938, 769.217041015625, 780.9081420898438, 759.2825927734375, 766.4447021484375, 797.2972412109375, 820.70263671875, 689.522705078125, 758.0881958007812], "v_proj": [864.4713134765625, 906.95654296875, 873.4104614257812, 924.5777587890625, 901.9169921875, 887.2059326171875, 903.7047729492188, 863.4813232421875, 869.5236206054688, 844.4165649414062, 844.4070434570312, 839.0466918945312, 872.8255004882812, 883.2437744140625, 889.9625244140625, 917.1098022460938, 905.093017578125, 932.357666015625, 875.786865234375, 889.0869750976562, 911.0099487304688, 925.3016967773438, 901.9031372070312, 912.9052734375, 879.29931640625, 901.6469116210938, 946.6741943359375, 885.814453125, 944.6901245117188, 938.8121337890625, 885.4356689453125, 897.62353515625], "o_proj": [2267.554443359375, 2371.861083984375, 2380.8525390625, 2547.31982421875, 2458.41259765625, 2380.122314453125, 2440.823486328125, 2372.31787109375, 2297.176513671875, 2271.07958984375, 2359.758056640625, 2236.43017578125, 2348.200927734375, 2253.20166015625, 2306.16943359375, 2417.908935546875, 2448.9345703125, 2472.4404296875, 2521.963623046875, 2574.1220703125, 2617.12060546875, 2656.126220703125, 2674.221435546875, 2749.482177734375, 2724.81787109375, 2745.389404296875, 2683.586669921875, 2641.245849609375, 2589.25146484375, 2609.499267578125, 2469.839111328125, 2524.5966796875], "gate_proj": [3374.771728515625, 3477.152099609375, 3621.45703125, 3562.947265625, 3556.740234375, 3540.168212890625, 3522.58544921875, 3505.553466796875, 3442.56298828125, 3421.322998046875, 3420.849853515625, 3430.656494140625, 3437.865966796875, 3422.423095703125, 3439.05859375, 3424.842529296875, 3465.070068359375, 3491.845947265625, 3533.888671875, 3557.28466796875, 3573.75048828125, 3582.719482421875, 3584.033447265625, 3599.323486328125, 3614.4765625, 3622.888916015625, 3625.55712890625, 3615.569091796875, 3609.52783203125, 3578.69677734375, 3536.204345703125, 3410.957275390625], "up_proj": [3662.927490234375, 3658.6650390625, 3716.403076171875, 3739.844970703125, 3760.6279296875, 3733.8017578125, 3714.7890625, 3705.889404296875, 3667.802734375, 3647.43896484375, 3625.548828125, 3640.66845703125, 3658.705322265625, 3639.220947265625, 3677.34033203125, 3670.746826171875, 3673.791015625, 3678.292236328125, 3681.16845703125, 3679.8486328125, 3682.268310546875, 3683.72265625, 3671.918212890625, 3670.256591796875, 3673.84130859375, 3680.80517578125, 3692.602783203125, 3696.991943359375, 3695.326171875, 3676.930908203125, 3615.7177734375, 3422.21630859375], "down_proj": [3680.854248046875, 3745.3984375, 3657.346923828125, 3627.659423828125, 3655.06005859375, 3631.8818359375, 3606.481689453125, 3539.335205078125, 3521.592529296875, 3515.26220703125, 3478.71044921875, 3458.970947265625, 3555.144287109375, 3558.0244140625, 3587.475830078125, 3632.696533203125, 3638.480224609375, 3671.487060546875, 3657.06787109375, 3663.339111328125, 3671.194580078125, 3691.857177734375, 3683.470458984375, 3658.333251953125, 3628.44091796875, 3588.216064453125, 3579.259033203125, 3564.032470703125, 3587.030029296875, 3671.04052734375, 3704.447265625, 3665.6787109375]}