{"q_proj": [5.71875524520874, 19.310436248779297, 26.838136672973633, 23.179630279541016, 22.22960090637207, 22.698762893676758, 20.24280548095703, 26.135013580322266, 28.958843231201172, 24.244884490966797, 24.89081573486328, 25.63690757751465, 23.641910552978516, 25.6680965423584, 19.703554153442383, 15.55064582824707], "k_proj": [8.55933666229248, 22.830005645751953, 30.214202880859375, 20.728565216064453, 20.380870819091797, 20.72650718688965, 20.076101303100586, 24.866636276245117, 22.4051570892334, 19.613388061523438, 22.575645446777344, 17.961647033691406, 19.904563903808594, 20.442258834838867, 19.836048126220703, 14.74443531036377], "v_proj": [87.47745513916016, 123.27447509765625, 142.11648559570312, 181.69326782226562, 172.354736328125, 123.90505981445312, 152.30859375, 132.64956665039062, 165.16297912597656, 200.28028869628906, 116.98209381103516, 173.30999755859375, 177.21363830566406, 195.9552764892578, 71.15430450439453, 107.87730407714844], "o_proj": [51.33042907714844, 59.847904205322266, 78.40400695800781, 133.5937042236328, 150.62716674804688, 122.70968627929688, 170.86538696289062, 146.79336547851562, 143.28536987304688, 141.0043487548828, 93.16775512695312, 119.18075561523438, 77.218017578125, 88.14605712890625, 107.94328308105469, 199.27511596679688], "gate_proj": [118.49357604980469, 64.09577178955078, 58.78944778442383, 40.57637023925781, 36.851322174072266, 39.18140411376953, 46.74287033081055, 43.113433837890625, 43.596946716308594, 38.884429931640625, 41.5798225402832, 55.51215362548828, 98.32672882080078, 101.26510620117188, 77.49492645263672, 39.00678634643555], "up_proj": [180.3246612548828, 104.92847442626953, 420.28857421875, 304.44329833984375, 404.7818908691406, 322.1347961425781, 371.9915771484375, 234.7517547607422, 329.3947448730469, 307.9198303222656, 367.3200988769531, 324.20721435546875, 367.9444580078125, 291.57647705078125, 140.33670043945312, 36.55509567260742], "down_proj": [209.9778594970703, 217.26580810546875, 175.53968811035156, 205.3447265625, 163.8918914794922, 116.4329605102539, 91.26922607421875, 89.36741638183594, 144.7703857421875, 164.5797576904297, 216.92739868164062, 257.9669494628906, 348.3451232910156, 406.1142883300781, 317.1062316894531, 296.96337890625]}