{"q_proj": [72.7034683227539, 75.34819793701172, 71.66297149658203, 71.9847640991211, 71.05884552001953, 70.65685272216797, 72.09376525878906, 69.09362030029297, 69.33306884765625, 69.34752655029297, 70.65941619873047, 66.9505615234375, 67.83482360839844, 68.58935546875, 67.12074279785156, 74.21704864501953, 71.6220474243164, 72.29389190673828, 71.06773376464844, 71.1942367553711, 70.38082122802734, 69.54814147949219, 67.74015808105469, 68.03495025634766, 66.91272735595703, 65.8492660522461, 66.32054138183594, 65.2258071899414, 65.24654388427734, 64.87397003173828, 61.84807205200195, 67.94090270996094], "k_proj": [52.797061920166016, 53.854793548583984, 55.01079177856445, 54.973236083984375, 54.058284759521484, 54.29397201538086, 54.212215423583984, 54.693687438964844, 54.253944396972656, 54.177616119384766, 54.747032165527344, 54.027915954589844, 52.71269989013672, 54.68170928955078, 54.158050537109375, 53.38456726074219, 53.77481460571289, 54.08076095581055, 55.43095779418945, 53.262874603271484, 52.53125762939453, 52.887786865234375, 51.801597595214844, 51.619842529296875, 49.117549896240234, 48.85219192504883, 50.4796257019043, 49.90267562866211, 47.52349853515625, 49.76911163330078, 43.638336181640625, 47.51873016357422], "v_proj": [13.333322525024414, 15.888517379760742, 13.351249694824219, 15.855752944946289, 17.106000900268555, 14.169978141784668, 15.434088706970215, 15.304306030273438, 16.078369140625, 18.682559967041016, 15.866395950317383, 15.690409660339355, 18.536787033081055, 17.12761688232422, 16.956533432006836, 18.467525482177734, 17.30722427368164, 19.034210205078125, 17.156049728393555, 18.172380447387695, 19.073543548583984, 19.69706153869629, 20.73808479309082, 21.841564178466797, 23.969839096069336, 24.127155303955078, 25.353483200073242, 27.24901008605957, 28.28610610961914, 29.507932662963867, 35.4055290222168, 31.520158767700195], "o_proj": [30.425960540771484, 34.582489013671875, 31.82474136352539, 36.37832260131836, 37.21262741088867, 34.428306579589844, 35.933738708496094, 36.541114807128906, 37.246402740478516, 39.87709045410156, 36.817989349365234, 37.62034225463867, 39.748226165771484, 38.81459426879883, 38.635353088378906, 40.04409408569336, 39.099159240722656, 40.51524353027344, 39.44221496582031, 39.94068145751953, 39.521995544433594, 40.486183166503906, 41.20618438720703, 41.99134063720703, 43.92792510986328, 44.14092254638672, 45.04134750366211, 46.245853424072266, 47.477760314941406, 49.09950637817383, 52.53814697265625, 51.86686325073242], "gate_proj": [88.69863891601562, 89.7735595703125, 92.32469177246094, 98.01322937011719, 103.48286437988281, 103.43596649169922, 103.99383544921875, 102.07345581054688, 102.56238555908203, 103.8386459350586, 101.31417846679688, 100.05785369873047, 98.89509582519531, 99.11349487304688, 101.58624267578125, 104.15528869628906, 106.5892105102539, 107.6720962524414, 107.907470703125, 108.5630874633789, 108.54937744140625, 109.43848419189453, 109.43197631835938, 109.60700225830078, 110.06446075439453, 110.8474349975586, 111.62051391601562, 112.5404281616211, 111.87933349609375, 111.57373046875, 115.52804565429688, 131.67547607421875], "up_proj": [80.45475769042969, 81.66107177734375, 81.27064514160156, 79.75440979003906, 77.72789764404297, 78.18181610107422, 78.16254425048828, 79.25238037109375, 78.90169525146484, 79.61337280273438, 80.8700180053711, 81.4129867553711, 83.011962890625, 83.24913024902344, 82.92871856689453, 82.26192474365234, 81.12769317626953, 80.79862976074219, 80.36762237548828, 80.04859924316406, 80.31755065917969, 80.55670166015625, 80.81063079833984, 81.13004302978516, 81.48736572265625, 82.19064331054688, 82.86100769042969, 83.9236068725586, 85.67993927001953, 88.0591812133789, 90.2885971069336, 104.77375793457031], "down_proj": [80.26029205322266, 81.38275146484375, 81.53290557861328, 79.60476684570312, 77.59929656982422, 77.94194793701172, 77.90264892578125, 79.02486419677734, 78.76704406738281, 79.01664733886719, 80.15701293945312, 80.78339385986328, 82.01200866699219, 81.9843978881836, 81.8011474609375, 81.3768539428711, 80.29536437988281, 80.16374206542969, 79.9039535522461, 79.7266616821289, 80.01821899414062, 80.24821472167969, 80.51959228515625, 80.8566665649414, 81.25133514404297, 81.94898986816406, 82.6393814086914, 83.5663070678711, 85.00053405761719, 86.54450988769531, 87.16851043701172, 89.96065521240234]}