{
    "deepsearcher": {
        "average_recall": {
            "2": 0.8611111111111112,
            "5": 0.9791666666666666
        },
        "token_usage": 464083
    },
    "naive_rag": {
        "average_recall": {
            "2": 0.5902777777777778,
            "5": 0.7291666666666666
        }
    }
}