{"q_proj": [2013.4957275390625, 1848.134033203125, 1854.075927734375, 1823.4583740234375, 1736.27783203125, 1616.784423828125, 1542.64990234375, 1603.5504150390625, 1548.5911865234375, 1789.372314453125, 1620.7550048828125, 1756.560302734375, 1750.3873291015625, 1708.916259765625, 1520.564697265625, 1454.6624755859375], "k_proj": [814.2653198242188, 782.5964965820312, 756.370849609375, 726.6304321289062, 720.5255737304688, 717.8873291015625, 713.4414672851562, 728.4379272460938, 727.2553100585938, 703.7434692382812, 661.7429809570312, 714.7778930664062, 692.3790893554688, 650.7392578125, 537.80029296875, 548.70263671875], "v_proj": [191.77456665039062, 210.7254638671875, 249.1048126220703, 300.7741394042969, 287.5324401855469, 236.46141052246094, 279.75579833984375, 285.60479736328125, 274.4892272949219, 310.4696044921875, 269.9555358886719, 294.1126708984375, 310.9694519042969, 369.01629638671875, 444.13214111328125, 434.44146728515625], "o_proj": [763.1060791015625, 906.5292358398438, 929.0685424804688, 1085.0380859375, 1048.169921875, 923.8067016601562, 989.37939453125, 980.4938354492188, 994.12109375, 1088.3270263671875, 976.970458984375, 1085.8348388671875, 1105.92041015625, 1250.0247802734375, 1416.1834716796875, 1380.8836669921875], "gate_proj": [3370.868896484375, 3509.561767578125, 3602.3271484375, 3852.9794921875, 3956.481689453125, 3686.56396484375, 3593.808349609375, 3456.7021484375, 3439.646728515625, 3593.6708984375, 3615.89111328125, 3694.31103515625, 3699.3857421875, 3620.95849609375, 3719.96533203125, 3878.41015625], "up_proj": [3048.9482421875, 3041.01611328125, 2910.895751953125, 2827.82275390625, 2797.39697265625, 2815.60400390625, 2784.915771484375, 2851.8916015625, 2899.244140625, 2972.667236328125, 2997.84521484375, 3042.576416015625, 3105.23681640625, 3190.48193359375, 3155.986083984375, 3359.5390625], "down_proj": [3042.744384765625, 2987.35498046875, 2892.642822265625, 2758.915283203125, 2719.3349609375, 2723.122314453125, 2674.93017578125, 2747.2919921875, 2792.58447265625, 2867.5380859375, 2933.599609375, 2998.98779296875, 3051.837890625, 3116.39794921875, 3057.02734375, 3071.25244140625]}