{"q_proj": [743.4973754882812, 1048.5543212890625, 1086.233154296875, 1076.8634033203125, 1040.7744140625, 955.4608154296875, 966.9962158203125, 918.6085205078125, 916.033935546875, 907.9140625, 908.5776977539062, 1029.8018798828125, 1025.8980712890625, 1039.1571044921875, 796.1541137695312, 843.1907348632812], "k_proj": [289.61328125, 370.3645935058594, 389.9091796875, 378.8146667480469, 383.78656005859375, 373.7376708984375, 345.3091125488281, 366.4382019042969, 357.3770751953125, 362.53118896484375, 364.93017578125, 361.23858642578125, 366.51129150390625, 379.5926513671875, 308.2830505371094, 327.06634521484375], "v_proj": [416.50628662109375, 447.39666748046875, 449.6941223144531, 469.94537353515625, 464.044189453125, 441.434814453125, 454.9176330566406, 436.48992919921875, 450.5553283691406, 478.68438720703125, 455.6109924316406, 464.7381896972656, 456.7270812988281, 460.9276428222656, 383.8285217285156, 400.2833251953125], "o_proj": [1054.419677734375, 1202.748779296875, 1230.15087890625, 1307.257080078125, 1220.4373779296875, 1151.629150390625, 1181.622314453125, 1091.274169921875, 1140.582763671875, 1185.0052490234375, 1101.548828125, 1248.04443359375, 1255.712646484375, 1300.3900146484375, 1233.982666015625, 1216.7625732421875], "gate_proj": [1817.8201904296875, 1814.354248046875, 1805.7821044921875, 1747.65087890625, 1722.64404296875, 1704.27392578125, 1697.458251953125, 1664.6627197265625, 1695.2994384765625, 1689.0106201171875, 1717.6431884765625, 1755.9459228515625, 1779.686767578125, 1775.3839111328125, 1748.1715087890625, 1711.1929931640625], "up_proj": [1868.985595703125, 1877.8541259765625, 1885.8760986328125, 1882.0399169921875, 1872.328369140625, 1846.81005859375, 1842.5009765625, 1828.4481201171875, 1853.0943603515625, 1847.1068115234375, 1845.1031494140625, 1829.150390625, 1814.010009765625, 1809.7261962890625, 1779.1163330078125, 1695.6260986328125], "down_proj": [1885.5067138671875, 1854.49609375, 1825.848388671875, 1821.9415283203125, 1801.1871337890625, 1770.2056884765625, 1762.5289306640625, 1772.6248779296875, 1813.3292236328125, 1822.5589599609375, 1840.6898193359375, 1840.20458984375, 1807.508056640625, 1802.5472412109375, 1805.200439453125, 1827.6807861328125]}