{"q_proj": [655.3718872070312, 1355.675537109375, 1675.775390625, 1738.1090087890625, 1677.4205322265625, 1609.2926025390625, 1635.2615966796875, 1584.178466796875, 1532.1112060546875, 1529.943603515625, 1559.2427978515625, 1577.7100830078125, 1456.0328369140625, 1514.730712890625, 1465.289794921875, 1569.8258056640625, 1700.95947265625, 1763.8475341796875, 1750.9573974609375, 1752.9661865234375, 1838.0123291015625, 1786.20654296875, 1823.07373046875, 1816.6661376953125, 1802.548095703125, 1901.2904052734375, 1440.4923095703125, 1610.430419921875], "k_proj": [361.7525634765625, 586.4637451171875, 724.0631103515625, 743.7146606445312, 736.490966796875, 739.5220947265625, 750.9793090820312, 715.2937622070312, 694.091796875, 693.68115234375, 699.4735717773438, 693.7555541992188, 657.8729248046875, 687.6104125976562, 704.5167236328125, 706.9650268554688, 729.2406616210938, 773.9246215820312, 764.518310546875, 770.0919799804688, 775.3921508789062, 758.841064453125, 760.5693359375, 746.8438720703125, 753.7777099609375, 814.5488891601562, 663.5542602539062, 718.105712890625], "v_proj": [804.2435302734375, 879.038330078125, 847.4536743164062, 906.970703125, 890.063720703125, 866.5177001953125, 875.9562377929688, 837.2401123046875, 866.45703125, 828.9739379882812, 801.69677734375, 837.4681396484375, 835.796875, 870.148681640625, 912.0696411132812, 915.5360717773438, 857.552978515625, 876.4793701171875, 888.6810913085938, 910.3441772460938, 892.5560302734375, 859.7594604492188, 886.6029052734375, 932.737548828125, 873.654541015625, 914.9712524414062, 860.8497924804688, 882.22998046875], "o_proj": [1695.37353515625, 1848.677001953125, 1842.2559814453125, 1951.1251220703125, 1923.1912841796875, 1851.49951171875, 1876.9871826171875, 1813.702880859375, 1793.587158203125, 1773.34375, 1732.83740234375, 1788.2490234375, 1757.205322265625, 1780.0986328125, 1880.2340087890625, 1871.8409423828125, 1932.21923828125, 1924.5069580078125, 1990.7259521484375, 2004.4354248046875, 2076.190673828125, 2057.7548828125, 2076.7333984375, 2029.5191650390625, 2007.05078125, 2002.5621337890625, 1871.31689453125, 1920.3310546875], "gate_proj": [2598.22705078125, 2572.1953125, 2644.134033203125, 2598.9169921875, 2556.807861328125, 2540.604736328125, 2522.4169921875, 2509.587646484375, 2458.34765625, 2445.822265625, 2450.8046875, 2458.46630859375, 2448.607177734375, 2451.352783203125, 2444.69677734375, 2490.039794921875, 2550.811279296875, 2577.025634765625, 2595.206787109375, 2605.153564453125, 2622.107421875, 2633.20947265625, 2635.70361328125, 2621.639404296875, 2596.977783203125, 2553.0341796875, 2520.793212890625, 2445.539794921875], "up_proj": [2701.692626953125, 2683.751953125, 2718.318603515625, 2740.147705078125, 2754.20849609375, 2734.339111328125, 2724.7431640625, 2716.20458984375, 2686.53857421875, 2662.561767578125, 2660.14453125, 2681.08056640625, 2664.3876953125, 2690.27001953125, 2692.56787109375, 2691.80322265625, 2692.7587890625, 2694.00244140625, 2694.927001953125, 2696.67724609375, 2682.936767578125, 2684.275390625, 2688.5830078125, 2695.00341796875, 2692.86376953125, 2659.76171875, 2608.525146484375, 2408.30029296875], "down_proj": [2716.33544921875, 2731.399658203125, 2663.73095703125, 2642.2568359375, 2652.299072265625, 2639.186767578125, 2634.469482421875, 2578.455322265625, 2580.349609375, 2568.291748046875, 2550.343994140625, 2599.903076171875, 2618.8154296875, 2636.183349609375, 2678.359375, 2694.27880859375, 2681.951171875, 2692.9853515625, 2691.582763671875, 2698.339599609375, 2673.44287109375, 2649.754638671875, 2610.64306640625, 2589.236572265625, 2542.39111328125, 2629.3134765625, 2665.22900390625, 2649.302001953125]}