{"q_proj": [0.9404895305633545, 0.941830039024353, 0.9294290542602539, 0.9319678544998169, 0.9312461018562317, 0.9264227151870728, 0.925294041633606, 0.9224448204040527, 0.9192298650741577, 0.9173135757446289, 0.9166584014892578, 0.9204935431480408, 0.9099840521812439, 0.9131144285202026, 0.9063208103179932, 0.9079683423042297, 0.9156613349914551, 0.9119644165039062, 0.9074159264564514, 0.9103341102600098, 0.9116601943969727, 0.9078598022460938, 0.9125696420669556, 0.9105746150016785, 0.9066094160079956, 0.9127122759819031, 0.8884754180908203, 0.9031634330749512], "k_proj": [0.9392456412315369, 0.9572842121124268, 0.9458221793174744, 0.9475934505462646, 0.9476782083511353, 0.9395795464515686, 0.9434131383895874, 0.9421072602272034, 0.9348706007003784, 0.9349318742752075, 0.9305350184440613, 0.937393844127655, 0.9284016489982605, 0.92852783203125, 0.9336907863616943, 0.92820805311203, 0.9325868487358093, 0.9298697710037231, 0.9257786870002747, 0.9287628531455994, 0.929207444190979, 0.9232453107833862, 0.9188269972801208, 0.9235249757766724, 0.9185060858726501, 0.9259670376777649, 0.9087336659431458, 0.9213587045669556], "v_proj": [0.8673906326293945, 0.8964825868606567, 0.8764519691467285, 0.9021960496902466, 0.9013230204582214, 0.8830877542495728, 0.8945410847663879, 0.8942224979400635, 0.8903819918632507, 0.8983370065689087, 0.8900524973869324, 0.9065702557563782, 0.8969236016273499, 0.8938960433006287, 0.8986356258392334, 0.8996908068656921, 0.8903459310531616, 0.8851073384284973, 0.8869373202323914, 0.8946700096130371, 0.8962349891662598, 0.9006616473197937, 0.9035815596580505, 0.9075724482536316, 0.9072595834732056, 0.9134155511856079, 0.9241176843643188, 0.9240496158599854], "o_proj": [0.8829284310340881, 0.8978819251060486, 0.8789446949958801, 0.9047115445137024, 0.9039329290390015, 0.8931556940078735, 0.9018976092338562, 0.9063742756843567, 0.908751904964447, 0.911073625087738, 0.9064492583274841, 0.9148722290992737, 0.906721293926239, 0.9110039472579956, 0.9090072512626648, 0.9032554030418396, 0.8955603241920471, 0.8915606141090393, 0.8861833810806274, 0.896088182926178, 0.8913252353668213, 0.8966234922409058, 0.8967808485031128, 0.9010137915611267, 0.9002571105957031, 0.90462726354599, 0.9136477112770081, 0.9153674840927124], "gate_proj": [0.9246541857719421, 0.9201198816299438, 0.9172847270965576, 0.9173885583877563, 0.9176297187805176, 0.914643406867981, 0.9102995991706848, 0.9051673412322998, 0.9015853404998779, 0.8989261984825134, 0.8940967321395874, 0.8908029198646545, 0.8902625441551208, 0.8901771903038025, 0.8914734721183777, 0.8945162296295166, 0.8969823718070984, 0.8974720239639282, 0.8980388045310974, 0.8994897603988647, 0.8989193439483643, 0.8987081050872803, 0.8987053632736206, 0.8984150290489197, 0.8978933691978455, 0.8944030404090881, 0.8965308666229248, 0.9037900567054749], "up_proj": [0.9211122393608093, 0.9178189039230347, 0.9143648147583008, 0.9136211276054382, 0.9142007827758789, 0.9140507578849792, 0.9130033850669861, 0.9105200171470642, 0.9078657031059265, 0.9077460169792175, 0.9044535160064697, 0.9044431447982788, 0.9044994115829468, 0.9049564599990845, 0.9063436985015869, 0.905779242515564, 0.9047484397888184, 0.9039245843887329, 0.9037624001502991, 0.9059253931045532, 0.9033129215240479, 0.901465117931366, 0.9006615877151489, 0.9000793695449829, 0.9002150297164917, 0.8994637727737427, 0.9032245874404907, 0.9117856621742249], "down_proj": [0.9198266863822937, 0.916119396686554, 0.9149399399757385, 0.9106157422065735, 0.9106306433677673, 0.9092195630073547, 0.9077805280685425, 0.9059156775474548, 0.903573215007782, 0.9026414752006531, 0.9012866020202637, 0.9022230505943298, 0.9022096991539001, 0.9030289649963379, 0.9053975343704224, 0.9046768546104431, 0.902791440486908, 0.9026676416397095, 0.9025759100914001, 0.904026448726654, 0.9012959599494934, 0.899135172367096, 0.89750075340271, 0.8968818187713623, 0.8966552019119263, 0.8984330892562866, 0.9043854475021362, 0.9167042970657349]}