{"q_proj": [72.5519027709961, 75.13143157958984, 71.4548568725586, 71.77792358398438, 70.85633087158203, 70.44886016845703, 71.88004302978516, 68.89429473876953, 69.13591766357422, 69.13848114013672, 70.44818878173828, 66.73960876464844, 67.6282730102539, 68.37447357177734, 66.90015411376953, 73.97869873046875, 71.39383697509766, 72.06314849853516, 70.83030700683594, 70.95907592773438, 70.13737487792969, 69.32061767578125, 67.52223205566406, 67.81791687011719, 66.6974105834961, 65.64321899414062, 66.1203384399414, 65.02253723144531, 65.03970336914062, 64.68473815917969, 61.666221618652344, 67.75079345703125], "k_proj": [52.691158294677734, 53.69890213012695, 54.843971252441406, 54.80636978149414, 53.895755767822266, 54.12239074707031, 54.03951644897461, 54.520015716552734, 54.081016540527344, 53.9957389831543, 54.55937194824219, 53.83735656738281, 52.53096008300781, 54.479923248291016, 53.943790435791016, 53.18687438964844, 53.57767868041992, 53.88090896606445, 55.20619583129883, 53.06608963012695, 52.32660675048828, 52.69623565673828, 51.61498260498047, 51.44135284423828, 48.94635009765625, 48.68682098388672, 50.311729431152344, 49.73004913330078, 47.353092193603516, 49.6109504699707, 43.498863220214844, 47.381378173828125], "v_proj": [13.30051040649414, 15.85781478881836, 13.32310962677002, 15.81412124633789, 17.058250427246094, 14.133251190185547, 15.388139724731445, 15.2582368850708, 16.02547264099121, 18.61524200439453, 15.813361167907715, 15.635490417480469, 18.4847354888916, 17.075050354003906, 16.907791137695312, 18.409929275512695, 17.268030166625977, 18.97481918334961, 17.122798919677734, 18.116413116455078, 19.02280616760254, 19.63575553894043, 20.683252334594727, 21.78251075744629, 23.897844314575195, 24.051958084106445, 25.278589248657227, 27.169475555419922, 28.203872680664062, 29.418540954589844, 35.30324172973633, 31.430646896362305], "o_proj": [30.356414794921875, 34.511051177978516, 31.75801658630371, 36.293643951416016, 37.12178421020508, 34.348594665527344, 35.8477897644043, 36.45262908935547, 37.15433883666992, 39.77073669433594, 36.723506927490234, 37.52153396606445, 39.651641845703125, 38.7159309387207, 38.54374313354492, 39.93757247924805, 39.00726318359375, 40.40557861328125, 39.357215881347656, 39.8279914855957, 39.421539306640625, 40.37812805175781, 41.10527038574219, 41.887245178222656, 43.81074523925781, 44.022491455078125, 44.92278289794922, 46.12725830078125, 47.35335922241211, 48.96525955200195, 52.395294189453125, 51.725982666015625], "gate_proj": [88.48857116699219, 89.55743408203125, 92.103515625, 97.76197814941406, 103.20856475830078, 103.1672592163086, 103.72566223144531, 101.81230926513672, 102.30050659179688, 103.57012176513672, 101.0546646118164, 99.80011749267578, 98.64376831054688, 98.86161041259766, 101.34001922607422, 103.8979263305664, 106.32386779785156, 107.40213775634766, 107.63824462890625, 108.29488372802734, 108.2850341796875, 109.16851043701172, 109.16291809082031, 109.330078125, 109.78520202636719, 110.55841064453125, 111.32081604003906, 112.23534393310547, 111.57051849365234, 111.26441192626953, 115.20527648925781, 131.28858947753906], "up_proj": [80.26946258544922, 81.47265625, 81.08516693115234, 79.57132720947266, 77.55331420898438, 78.0097885131836, 77.99288940429688, 79.07999420166016, 78.73347473144531, 79.44296264648438, 80.6975326538086, 81.23760986328125, 82.83382415771484, 83.07261657714844, 82.76384735107422, 82.09786224365234, 80.96627044677734, 80.6343002319336, 80.20319366455078, 79.88584899902344, 80.15689849853516, 80.39521026611328, 80.65047454833984, 80.96481323242188, 81.32019805908203, 82.01680755615234, 82.67910766601562, 83.73485565185547, 85.47886657714844, 87.84223937988281, 90.04793548583984, 104.46441650390625], "down_proj": [80.0644302368164, 81.19447326660156, 81.3427505493164, 79.42001342773438, 77.42217254638672, 77.76697540283203, 77.72958374023438, 78.84819793701172, 78.5938949584961, 78.84268188476562, 79.98137664794922, 80.6049575805664, 81.83061981201172, 81.8051986694336, 81.63404083251953, 81.20881652832031, 80.13194274902344, 79.9985122680664, 79.73945617675781, 79.564453125, 79.85900115966797, 80.0880355834961, 80.3597640991211, 80.69163513183594, 81.08480072021484, 81.7751235961914, 82.45758056640625, 83.37946319580078, 84.80249786376953, 86.33436584472656, 86.94037628173828, 89.71145629882812]}