{"q_proj": [700.6470336914062, 1575.5374755859375, 2176.97607421875, 2293.76708984375, 2203.811279296875, 2076.267333984375, 2175.420654296875, 2117.087890625, 2021.873291015625, 2004.81787109375, 2017.1900634765625, 2074.353515625, 2090.936279296875, 1906.7037353515625, 1980.19140625, 1970.897216796875, 2112.6123046875, 2113.826171875, 2273.840087890625, 2364.643310546875, 2355.17919921875, 2386.056884765625, 2399.057373046875, 2476.2109375, 2396.92236328125, 2415.12353515625, 2405.094970703125, 2386.25341796875, 2453.14892578125, 2509.360107421875, 2011.68408203125, 2216.040283203125], "k_proj": [310.2811279296875, 554.1180419921875, 722.2363891601562, 752.9053344726562, 744.2860717773438, 748.3494262695312, 765.6953125, 749.0022583007812, 723.60302734375, 724.8256225585938, 738.90283203125, 746.4563598632812, 736.4991455078125, 692.7381591796875, 716.8436889648438, 742.0855712890625, 743.5933837890625, 744.8529052734375, 755.9730224609375, 800.2733154296875, 781.6153564453125, 790.7789916992188, 787.5857543945312, 806.1420288085938, 769.2619018554688, 781.0735473632812, 759.37353515625, 766.5861206054688, 797.3590087890625, 820.7802734375, 689.6246337890625, 757.8981323242188], "v_proj": [864.689453125, 907.0687866210938, 873.8709106445312, 924.6710815429688, 902.1549682617188, 887.5018310546875, 903.9760131835938, 863.9400024414062, 869.9006958007812, 844.7090454101562, 844.8875122070312, 839.6085205078125, 873.2905883789062, 883.5202026367188, 890.220703125, 917.3145141601562, 905.4805297851562, 932.5723876953125, 876.389892578125, 889.4464721679688, 911.2215576171875, 925.47216796875, 902.135986328125, 913.082763671875, 879.64697265625, 901.9354248046875, 946.6697998046875, 885.9544677734375, 944.6528930664062, 938.8750610351562, 885.3148803710938, 897.6353759765625], "o_proj": [2271.858154296875, 2373.76904296875, 2382.8857421875, 2549.048095703125, 2460.63525390625, 2383.283203125, 2443.341064453125, 2375.286865234375, 2300.79638671875, 2274.912841796875, 2362.9873046875, 2240.335693359375, 2352.236572265625, 2257.121337890625, 2310.581298828125, 2420.760986328125, 2452.181396484375, 2475.222412109375, 2524.594482421875, 2576.864013671875, 2619.42822265625, 2657.91357421875, 2676.730712890625, 2750.923095703125, 2726.048583984375, 2746.531005859375, 2685.23779296875, 2643.62548828125, 2591.557373046875, 2611.307373046875, 2471.98974609375, 2525.5849609375], "gate_proj": [3375.788330078125, 3476.62451171875, 3621.068359375, 3562.606201171875, 3556.448486328125, 3539.859619140625, 3522.197509765625, 3505.06787109375, 3442.107666015625, 3420.829345703125, 3420.299560546875, 3430.0390625, 3437.22509765625, 3421.76953125, 3438.361328125, 3424.1181640625, 3464.5263671875, 3491.30517578125, 3533.5166015625, 3556.981689453125, 3573.549072265625, 3582.468017578125, 3583.83837890625, 3599.154052734375, 3614.2978515625, 3622.742431640625, 3625.3271484375, 3615.3115234375, 3609.19140625, 3578.094970703125, 3535.3056640625, 3409.82958984375], "up_proj": [3662.938720703125, 3658.0537109375, 3716.177001953125, 3739.614013671875, 3760.516357421875, 3733.866943359375, 3714.876708984375, 3705.963134765625, 3668.01025390625, 3647.755126953125, 3625.795654296875, 3640.843994140625, 3658.765625, 3639.358154296875, 3677.381103515625, 3670.875244140625, 3673.96630859375, 3678.379638671875, 3681.35302734375, 3680.051513671875, 3682.64013671875, 3684.156982421875, 3672.431396484375, 3670.690673828125, 3674.269287109375, 3681.175537109375, 3692.8515625, 3697.251708984375, 3695.530517578125, 3677.181884765625, 3616.134765625, 3422.563720703125], "down_proj": [3680.714599609375, 3745.249755859375, 3657.586669921875, 3628.097412109375, 3655.4892578125, 3632.455078125, 3607.06298828125, 3540.037109375, 3522.464111328125, 3515.89306640625, 3479.433837890625, 3459.561767578125, 3555.506103515625, 3558.35986328125, 3587.813720703125, 3633.1708984375, 3638.9599609375, 3671.859130859375, 3657.32373046875, 3663.610107421875, 3671.439453125, 3692.172119140625, 3683.959228515625, 3658.9208984375, 3629.135986328125, 3589.121826171875, 3580.239013671875, 3564.982421875, 3587.994140625, 3671.43359375, 3705.0263671875, 3666.1962890625]}