{"q_proj": [1920.4300537109375, 2982.1953125, 3333.945556640625, 3437.680419921875, 3326.334228515625, 3210.078369140625, 3352.586669921875, 3169.951171875, 3108.713623046875, 3095.689453125, 3164.050048828125, 3039.660400390625, 3092.421630859375, 2985.627685546875, 2977.01318359375, 3284.267822265625, 3281.48681640625, 3313.201416015625, 3377.529296875, 3450.5693359375, 3403.779296875, 3386.12451171875, 3307.251708984375, 3374.7236328125, 3265.39697265625, 3225.963623046875, 3242.657958984375, 3176.30517578125, 3221.369384765625, 3240.287109375, 2765.840576171875, 3189.358154296875], "k_proj": [928.14404296875, 1264.0565185546875, 1473.9014892578125, 1503.8388671875, 1470.36279296875, 1480.571044921875, 1495.3382568359375, 1492.0989990234375, 1454.77197265625, 1453.7047119140625, 1483.07421875, 1470.908935546875, 1425.612060546875, 1433.9071044921875, 1444.28759765625, 1448.876953125, 1461.0048828125, 1470.517578125, 1517.89208984375, 1501.1917724609375, 1462.914794921875, 1481.859619140625, 1448.520751953125, 1460.5555419921875, 1357.554931640625, 1360.6844482421875, 1386.4263916015625, 1376.8905029296875, 1337.1351318359375, 1421.31689453125, 1142.310546875, 1304.4072265625], "v_proj": [391.1094970703125, 477.59906005859375, 393.848388671875, 480.8821105957031, 512.35986328125, 421.043212890625, 462.66278076171875, 448.48333740234375, 472.65655517578125, 541.031005859375, 459.6460876464844, 453.05401611328125, 546.2514038085938, 507.5400085449219, 504.4704284667969, 557.5853271484375, 519.6160278320312, 579.4539794921875, 506.9013366699219, 540.2963256835938, 574.23095703125, 597.3505859375, 621.2335205078125, 658.2077026367188, 708.7823486328125, 722.3340454101562, 777.7716064453125, 808.6990356445312, 866.8517456054688, 901.4156494140625, 1050.421142578125, 941.6798706054688], "o_proj": [1446.908935546875, 1681.4254150390625, 1550.26171875, 1832.3966064453125, 1841.4190673828125, 1676.860595703125, 1771.9619140625, 1776.587890625, 1782.168212890625, 1896.9066162109375, 1785.150634765625, 1775.9761962890625, 1923.09912109375, 1839.3614501953125, 1852.7401123046875, 1964.977783203125, 1931.6197509765625, 2010.242919921875, 1977.5164794921875, 2021.781005859375, 2017.607421875, 2081.69287109375, 2126.66796875, 2196.95458984375, 2287.428466796875, 2307.10400390625, 2327.8662109375, 2371.6875, 2410.634033203125, 2502.170654296875, 2605.048583984375, 2599.49951171875], "gate_proj": [5141.32177734375, 5280.56787109375, 5542.35791015625, 5835.17333984375, 6154.94091796875, 6138.11376953125, 6155.92333984375, 6027.65625, 6001.9169921875, 6057.5947265625, 5910.013671875, 5844.94775390625, 5783.27294921875, 5782.99755859375, 5942.33154296875, 6079.68798828125, 6258.2470703125, 6346.09375, 6398.3828125, 6458.75537109375, 6473.1923828125, 6534.140625, 6535.05517578125, 6559.0380859375, 6600.1806640625, 6654.41943359375, 6702.703125, 6748.427734375, 6702.771484375, 6655.5205078125, 6849.923828125, 7666.4345703125], "up_proj": [4858.08642578125, 4927.61669921875, 4942.98828125, 4865.9794921875, 4755.8056640625, 4766.81591796875, 4753.65087890625, 4814.12109375, 4768.4228515625, 4798.0908203125, 4859.16650390625, 4901.8310546875, 5010.427734375, 5011.529296875, 5018.9189453125, 4974.12451171875, 4907.62744140625, 4890.44140625, 4866.26220703125, 4846.1494140625, 4864.30078125, 4879.7666015625, 4887.46484375, 4905.3525390625, 4929.2861328125, 4976.18017578125, 5024.3125, 5091.5029296875, 5196.3349609375, 5326.734375, 5414.96826171875, 6111.44677734375], "down_proj": [4857.42138671875, 4968.9755859375, 4919.4453125, 4783.76025390625, 4680.99462890625, 4687.00244140625, 4668.34814453125, 4691.3271484375, 4664.57470703125, 4674.9736328125, 4717.837890625, 4741.0244140625, 4879.40234375, 4879.84228515625, 4889.748046875, 4894.92529296875, 4833.86181640625, 4847.580078125, 4822.30908203125, 4815.859375, 4838.85009765625, 4866.40966796875, 4877.48779296875, 4880.95751953125, 4884.73486328125, 4899.0888671875, 4933.857421875, 4978.375, 5079.658203125, 5231.201171875, 5291.966796875, 5431.9482421875]}