{"q_proj": [5.622231960296631, 36.52323532104492, 58.26190948486328, 51.5745735168457, 49.39411926269531, 55.889183044433594, 58.59060287475586, 53.625423431396484, 71.82728576660156, 72.82946014404297, 79.85297393798828, 68.35306549072266, 46.259037017822266, 65.18925476074219, 63.18215560913086, 54.350502014160156, 52.651363372802734, 47.7963752746582, 51.61106491088867, 51.46718215942383, 55.18595886230469, 48.808204650878906, 55.313880920410156, 51.39122772216797, 57.18564987182617, 50.5964469909668, 54.64592742919922, 44.577964782714844, 39.00965118408203, 52.9307861328125, 32.83366775512695, 30.50531005859375], "k_proj": [8.2081937789917, 35.96887969970703, 62.74152755737305, 58.062381744384766, 50.90789794921875, 50.33793640136719, 44.386409759521484, 45.158180236816406, 51.45357131958008, 57.5296745300293, 60.76081085205078, 61.73503494262695, 44.72052001953125, 53.34889221191406, 51.926963806152344, 44.9893798828125, 41.56496047973633, 49.307899475097656, 49.292625427246094, 51.52623748779297, 48.34372329711914, 50.56462097167969, 54.41838073730469, 53.04476547241211, 52.66835021972656, 53.5976448059082, 49.02323532104492, 46.422393798828125, 39.688026428222656, 43.06684112548828, 35.32805633544922, 32.08687210083008], "v_proj": [77.66508483886719, 162.2791290283203, 201.35743713378906, 299.6306457519531, 268.3392028808594, 241.96722412109375, 244.5660858154297, 207.2038116455078, 259.7557373046875, 233.34669494628906, 196.77565002441406, 188.41380310058594, 263.1910705566406, 278.5149230957031, 295.14361572265625, 262.7939453125, 286.76922607421875, 280.4587707519531, 267.0712890625, 252.87147521972656, 275.1905212402344, 290.5711669921875, 300.8441467285156, 228.89410400390625, 307.40625, 255.11131286621094, 295.6714172363281, 252.1959228515625, 265.95404052734375, 252.7807159423828, 227.92141723632812, 181.52894592285156], "o_proj": [45.7410888671875, 56.84696960449219, 62.570030212402344, 92.2782974243164, 129.31173706054688, 173.123779296875, 174.70578002929688, 213.13377380371094, 154.35179138183594, 180.8798370361328, 163.3292999267578, 184.9412078857422, 211.5731964111328, 182.22494506835938, 268.2752685546875, 168.30770874023438, 163.22238159179688, 137.60984802246094, 139.21762084960938, 141.03192138671875, 110.94218444824219, 204.5178985595703, 156.89662170410156, 201.96397399902344, 292.0107727050781, 262.7353820800781, 189.1516876220703, 116.87261199951172, 102.82615661621094, 154.8764190673828, 150.84178161621094, 251.2486572265625], "gate_proj": [97.83523559570312, 178.50865173339844, 140.07907104492188, 113.0700454711914, 84.53862762451172, 83.1243667602539, 80.38874053955078, 82.60366821289062, 82.3839111328125, 73.71285247802734, 74.28407287597656, 75.41496276855469, 66.667724609375, 63.74100875854492, 65.890869140625, 59.32352828979492, 62.99551773071289, 67.08661651611328, 73.21792602539062, 84.96537017822266, 86.92835235595703, 95.18175506591797, 96.14250183105469, 105.67611694335938, 124.78164672851562, 135.150390625, 115.11424255371094, 87.38935852050781, 83.71855926513672, 74.95738220214844, 62.46116256713867, 33.59176254272461], "up_proj": [245.44393920898438, 658.6788940429688, 740.13232421875, 837.7769775390625, 741.7683715820312, 600.5296630859375, 576.359130859375, 527.0060424804688, 549.3683471679688, 552.6876220703125, 565.15087890625, 555.9496459960938, 469.9436950683594, 530.5840454101562, 540.731689453125, 536.1497802734375, 471.38763427734375, 475.2384338378906, 492.7372741699219, 536.4720458984375, 513.3599243164062, 488.12939453125, 522.8380737304688, 586.4749755859375, 697.1110229492188, 659.8106689453125, 508.2264099121094, 378.52838134765625, 275.7122497558594, 194.78695678710938, 87.85610961914062, 36.269039154052734], "down_proj": [170.64712524414062, 311.1653747558594, 320.82208251953125, 396.1613464355469, 321.3374328613281, 340.8220520019531, 256.239501953125, 185.41531372070312, 199.0475616455078, 186.6584014892578, 203.63841247558594, 150.43203735351562, 182.18553161621094, 276.163330078125, 301.0606994628906, 311.6742248535156, 384.5084533691406, 362.8712463378906, 356.637939453125, 469.84405517578125, 484.21307373046875, 513.44189453125, 661.7186279296875, 634.4340209960938, 463.8887023925781, 389.4862060546875, 499.63751220703125, 524.3896484375, 554.137939453125, 886.6840209960938, 732.18212890625, 581.5091552734375]}