{"q_proj": [62.745452880859375, 61.08684158325195, 54.57732391357422, 53.113407135009766, 56.558353424072266, 52.6424560546875, 54.02639389038086, 52.320716857910156, 57.70392608642578, 53.39067459106445, 56.724853515625, 51.31460189819336, 51.3579216003418, 49.53775405883789, 55.558353424072266, 56.57063674926758, 56.74790573120117, 50.77964782714844, 50.277156829833984, 50.40102767944336, 51.26009750366211, 51.93434143066406, 50.8579216003418, 52.02855682373047, 52.861961364746094, 52.45269775390625, 51.56312942504883, 51.83765411376953, 53.737159729003906, 53.66002655029297, 53.1121826171875, 56.15972137451172], "k_proj": [60.51850509643555, 57.97452163696289, 57.525169372558594, 55.737159729003906, 56.558353424072266, 59.945404052734375, 53.95880126953125, 52.15526580810547, 58.46337127685547, 56.468170166015625, 56.516029357910156, 55.287742614746094, 53.006126403808594, 54.394142150878906, 56.27406692504883, 55.26892852783203, 55.823001861572266, 55.075523376464844, 53.481849670410156, 54.177093505859375, 53.77832794189453, 55.025169372558594, 55.075523376464844, 58.38256072998047, 55.67536163330078, 55.37233352661133, 55.125587463378906, 56.791664123535156, 53.541961669921875, 55.67536163330078, 55.65803527832031, 59.25776290893555], "v_proj": [43.11406707763672, 44.352943420410156, 41.52193069458008, 49.37007522583008, 43.633697509765625, 48.938201904296875, 42.061683654785156, 44.633697509765625, 46.034324645996094, 45.80134582519531, 42.796451568603516, 43.78081130981445, 47.06975555419922, 47.210235595703125, 45.35580062866211, 48.355567932128906, 45.926971435546875, 42.571502685546875, 44.40991973876953, 45.848472595214844, 43.17863464355469, 47.239498138427734, 45.48454666137695, 44.18365478515625, 46.04253005981445, 46.91374206542969, 47.556724548339844, 53.07732391357422, 47.639427185058594, 50.899452209472656, 51.50514602661133, 52.8579216003418], "o_proj": [59.922874450683594, 58.93526840209961, 56.787742614746094, 55.48537826538086, 55.4248046875, 54.612701416015625, 64.4406509399414, 57.394142150878906, 59.016029357910156, 57.33642578125, 61.049156188964844, 55.95880126953125, 60.217525482177734, 60.62348175048828, 53.2308349609375, 58.835201263427734, 59.70244598388672, 58.717525482177734, 64.40279388427734, 57.48062515258789, 56.93526840209961, 52.48307800292969, 53.98537826538086, 56.751434326171875, 54.174896240234375, 56.65803527832031, 55.558353424072266, 58.549156188964844, 60.56256103515625, 56.468170166015625, 53.52639389038086, 57.52574920654297], "gate_proj": [58.34383773803711, 60.808074951171875, 56.451473236083984, 59.809566497802734, 57.93526840209961, 55.27832794189453, 58.663055419921875, 57.65972137451172, 54.77832794189453, 58.358253479003906, 55.61147689819336, 56.323001861572266, 57.24790573120117, 58.124359130859375, 58.235958099365234, 55.65803527832031, 57.77284240722656, 55.516029357910156, 55.98062515258789, 54.923580169677734, 55.224853515625, 58.273399353027344, 55.125587463378906, 54.66427993774414, 54.97452163696289, 52.98537826538086, 56.80025100708008, 55.27406692504883, 58.097923278808594, 57.08373260498047, 58.746681213378906, 60.5255012512207], "up_proj": [51.654762268066406, 58.48062515258789, 53.7989616394043, 54.95880126953125, 55.54901123046875, 58.43526840209961, 55.737159729003906, 54.217987060546875, 54.14794158935547, 51.914669036865234, 52.76009750366211, 50.453922271728516, 55.27832794189453, 56.423580169677734, 56.525169372558594, 53.006126403808594, 52.45269775390625, 52.78896713256836, 51.44392395019531, 53.18303298950195, 52.67831802368164, 58.84613800048828, 49.590877532958984, 49.704254150390625, 53.48537826538086, 51.48307800292969, 54.50843048095703, 50.72730255126953, 52.98537826538086, 55.27406692504883, 55.26892852783203, 56.797760009765625], "down_proj": [61.94192123413086, 63.07895278930664, 58.43526840209961, 58.016029357910156, 60.01131057739258, 61.0469970703125, 60.633304595947266, 60.203636169433594, 62.78953170776367, 61.56256103515625, 59.549156188964844, 60.877296447753906, 62.737361907958984, 64.15460968017578, 58.17586898803711, 60.69549560546875, 60.319583892822266, 59.877296447753906, 57.67586898803711, 63.26850509643555, 57.59194564819336, 59.94187545776367, 58.84613800048828, 60.181549072265625, 59.75776290893555, 60.471717834472656, 60.471717834472656, 54.50490188598633, 58.812232971191406, 61.59612274169922, 57.80025100708008, 60.01131057739258]}