{"q_proj": [0.000293731689453125, 0.000316619873046875, 0.0003566741943359375, 0.0003604888916015625, 0.0003719329833984375, 0.000377655029296875, 0.0003871917724609375, 0.0003833770751953125, 0.0003910064697265625, 0.0004062652587890625, 0.0004024505615234375, 0.00040435791015625, 0.0004100799560546875, 0.00041961669921875, 0.0004138946533203125, 0.0004405975341796875, 0.000438690185546875, 0.0004520416259765625, 0.0004405975341796875, 0.000453948974609375, 0.000457763671875, 0.0004596710205078125, 0.00045013427734375, 0.0004425048828125, 0.0004329681396484375, 0.00043487548828125, 0.000446319580078125, 0.0004425048828125, 0.0004482269287109375, 0.0004291534423828125, 0.00046539306640625, 0.0004520416259765625], "k_proj": [0.0004119873046875, 0.000324249267578125, 0.0003566741943359375, 0.000354766845703125, 0.0003681182861328125, 0.0003833770751953125, 0.0003871917724609375, 0.0003871917724609375, 0.0004024505615234375, 0.0004138946533203125, 0.000408172607421875, 0.0004215240478515625, 0.0004138946533203125, 0.0004425048828125, 0.000431060791015625, 0.0004405975341796875, 0.0004405975341796875, 0.000453948974609375, 0.000461578369140625, 0.000461578369140625, 0.0004634857177734375, 0.000469207763671875, 0.0004634857177734375, 0.00045013427734375, 0.000446319580078125, 0.000446319580078125, 0.000453948974609375, 0.0004425048828125, 0.0004520416259765625, 0.000446319580078125, 0.0004730224609375, 0.000469207763671875], "v_proj": [0.000270843505859375, 0.0003414154052734375, 0.0003414154052734375, 0.000331878662109375, 0.000339508056640625, 0.0003414154052734375, 0.0003299713134765625, 0.0003185272216796875, 0.000331878662109375, 0.0003261566162109375, 0.0003223419189453125, 0.0003185272216796875, 0.0003223419189453125, 0.0003204345703125, 0.0003337860107421875, 0.0003376007080078125, 0.000339508056640625, 0.0003566741943359375, 0.0003662109375, 0.0003757476806640625, 0.0003910064697265625, 0.0003757476806640625, 0.0004024505615234375, 0.0004100799560546875, 0.000408172607421875, 0.0004100799560546875, 0.0004024505615234375, 0.0004177093505859375, 0.0004138946533203125, 0.0003948211669921875, 0.000400543212890625, 0.00035858154296875], "o_proj": [0.000339508056640625, 0.000339508056640625, 0.00035858154296875, 0.0003414154052734375, 0.000331878662109375, 0.0003414154052734375, 0.00032806396484375, 0.0003108978271484375, 0.0003070831298828125, 0.0003185272216796875, 0.000316619873046875, 0.000308990478515625, 0.000308990478515625, 0.0003147125244140625, 0.00031280517578125, 0.0003490447998046875, 0.0003509521484375, 0.000370025634765625, 0.0003986358642578125, 0.00040435791015625, 0.0004177093505859375, 0.0003986358642578125, 0.00041961669921875, 0.00043487548828125, 0.0004291534423828125, 0.0004215240478515625, 0.00041961669921875, 0.00043487548828125, 0.0004291534423828125, 0.0004138946533203125, 0.000423431396484375, 0.0003833770751953125], "gate_proj": [0.0003509521484375, 0.0003566741943359375, 0.0003643035888671875, 0.000370025634765625, 0.0003795623779296875, 0.0003871917724609375, 0.000396728515625, 0.0004062652587890625, 0.0004119873046875, 0.00041961669921875, 0.0004253387451171875, 0.0004329681396484375, 0.0004367828369140625, 0.0004425048828125, 0.0004482269287109375, 0.0004558563232421875, 0.0004634857177734375, 0.0004673004150390625, 0.0004711151123046875, 0.0004749298095703125, 0.0004749298095703125, 0.0004711151123046875, 0.0004711151123046875, 0.0004730224609375, 0.0004730224609375, 0.0004749298095703125, 0.0004749298095703125, 0.000476837158203125, 0.0004825592041015625, 0.000484466552734375, 0.0004787445068359375, 0.0004558563232421875], "up_proj": [0.0003490447998046875, 0.0003528594970703125, 0.00035858154296875, 0.0003604888916015625, 0.00035858154296875, 0.0003604888916015625, 0.000362396240234375, 0.000370025634765625, 0.0003719329833984375, 0.0003757476806640625, 0.0003795623779296875, 0.000385284423828125, 0.00038909912109375, 0.0003986358642578125, 0.0004024505615234375, 0.0004100799560546875, 0.00041961669921875, 0.0004215240478515625, 0.0004291534423828125, 0.0004329681396484375, 0.00043487548828125, 0.000431060791015625, 0.0004367828369140625, 0.0004425048828125, 0.000446319580078125, 0.00045013427734375, 0.0004520416259765625, 0.000453948974609375, 0.000457763671875, 0.0004596710205078125, 0.0004482269287109375, 0.000423431396484375], "down_proj": [0.000354766845703125, 0.0003566741943359375, 0.000362396240234375, 0.0003643035888671875, 0.0003643035888671875, 0.0003643035888671875, 0.0003662109375, 0.0003681182861328125, 0.0003681182861328125, 0.0003662109375, 0.000370025634765625, 0.0003719329833984375, 0.0003757476806640625, 0.0003833770751953125, 0.0003948211669921875, 0.000400543212890625, 0.0004138946533203125, 0.000415802001953125, 0.0004253387451171875, 0.000431060791015625, 0.00043487548828125, 0.000431060791015625, 0.0004367828369140625, 0.0004444122314453125, 0.00045013427734375, 0.0004558563232421875, 0.0004558563232421875, 0.0004558563232421875, 0.000453948974609375, 0.000446319580078125, 0.0004177093505859375, 0.00034332275390625]}