{"q_proj": [-0.0096435546875, -0.01300048828125, -0.01312255859375, -0.01300048828125, -0.01312255859375, -0.01318359375, -0.0130615234375, -0.01324462890625, -0.01336669921875, -0.0133056640625, -0.0133056640625, -0.013427734375, -0.01324462890625, -0.01336669921875, -0.013427734375, -0.01312255859375, -0.0130615234375, -0.0130615234375, -0.0130615234375, -0.0130615234375, -0.01312255859375, -0.01312255859375, -0.01324462890625, -0.01318359375, -0.0133056640625, -0.01336669921875, -0.01336669921875, -0.013427734375, -0.01336669921875, -0.013427734375, -0.01373291015625, -0.0133056640625], "k_proj": [-0.00982666015625, -0.01177978515625, -0.01153564453125, -0.01116943359375, -0.01116943359375, -0.01129150390625, -0.01092529296875, -0.01092529296875, -0.01116943359375, -0.01116943359375, -0.01116943359375, -0.01116943359375, -0.01092529296875, -0.01116943359375, -0.01129150390625, -0.01104736328125, -0.01104736328125, -0.01104736328125, -0.0108642578125, -0.010986328125, -0.0111083984375, -0.01092529296875, -0.0111083984375, -0.01104736328125, -0.01153564453125, -0.01153564453125, -0.01141357421875, -0.01153564453125, -0.01141357421875, -0.01123046875, -0.01214599609375, -0.011474609375], "v_proj": [-0.01318359375, -0.015380859375, -0.0155029296875, -0.01556396484375, -0.0155029296875, -0.015625, -0.01556396484375, -0.01556396484375, -0.01556396484375, -0.01531982421875, -0.0155029296875, -0.015625, -0.01544189453125, -0.01556396484375, -0.01556396484375, -0.015380859375, -0.0155029296875, -0.01544189453125, -0.0155029296875, -0.01544189453125, -0.01544189453125, -0.015380859375, -0.0152587890625, -0.01519775390625, -0.01483154296875, -0.014892578125, -0.01458740234375, -0.01434326171875, -0.01409912109375, -0.01385498046875, -0.012939453125, -0.013671875], "o_proj": [-0.01556396484375, -0.01556396484375, -0.015625, -0.01556396484375, -0.0155029296875, -0.01556396484375, -0.01556396484375, -0.0155029296875, -0.01544189453125, -0.01531982421875, -0.01544189453125, -0.01544189453125, -0.015380859375, -0.01544189453125, -0.01544189453125, -0.015380859375, -0.01544189453125, -0.01531982421875, -0.01544189453125, -0.01544189453125, -0.01544189453125, -0.015380859375, -0.015380859375, -0.01531982421875, -0.01519775390625, -0.01519775390625, -0.01513671875, -0.01507568359375, -0.01495361328125, -0.01483154296875, -0.0145263671875, -0.01458740234375], "gate_proj": [-0.0150146484375, -0.01495361328125, -0.0147705078125, -0.0145263671875, -0.01422119140625, -0.01422119140625, -0.01422119140625, -0.0142822265625, -0.0142822265625, -0.01422119140625, -0.01434326171875, -0.01446533203125, -0.0145263671875, -0.0145263671875, -0.01434326171875, -0.0142822265625, -0.01416015625, -0.01409912109375, -0.01409912109375, -0.01409912109375, -0.0140380859375, -0.0140380859375, -0.01397705078125, -0.01397705078125, -0.01397705078125, -0.01385498046875, -0.01385498046875, -0.01385498046875, -0.01397705078125, -0.0140380859375, -0.01385498046875, -0.01318359375], "up_proj": [-0.0152587890625, -0.01519775390625, -0.01519775390625, -0.0152587890625, -0.01531982421875, -0.01531982421875, -0.01531982421875, -0.01531982421875, -0.01531982421875, -0.0152587890625, -0.0152587890625, -0.01519775390625, -0.01513671875, -0.01513671875, -0.01519775390625, -0.01519775390625, -0.0152587890625, -0.0152587890625, -0.0152587890625, -0.0152587890625, -0.0152587890625, -0.0152587890625, -0.0152587890625, -0.0152587890625, -0.0152587890625, -0.01519775390625, -0.01519775390625, -0.01513671875, -0.01507568359375, -0.0150146484375, -0.01483154296875, -0.01422119140625], "down_proj": [-0.01385498046875, -0.01385498046875, -0.013916015625, -0.01385498046875, -0.01385498046875, -0.01385498046875, -0.0137939453125, -0.013671875, -0.013671875, -0.01361083984375, -0.01361083984375, -0.01361083984375, -0.01361083984375, -0.01361083984375, -0.013671875, -0.013671875, -0.0137939453125, -0.0137939453125, -0.01385498046875, -0.01385498046875, -0.013916015625, -0.01385498046875, -0.01385498046875, -0.01385498046875, -0.01385498046875, -0.01385498046875, -0.0137939453125, -0.0137939453125, -0.013671875, -0.0135498046875, -0.01336669921875, -0.01287841796875]}