{"q_proj": [2062.16552734375, 1886.328125, 1886.353271484375, 1853.1424560546875, 1763.847900390625, 1639.2391357421875, 1562.2698974609375, 1626.4033203125, 1569.7818603515625, 1820.7620849609375, 1645.4228515625, 1790.08740234375, 1781.659912109375, 1739.4166259765625, 1531.37109375, 1465.3514404296875], "k_proj": [833.6343994140625, 800.42529296875, 771.2490234375, 739.8920288085938, 734.0556640625, 731.9300537109375, 727.0735473632812, 744.3390502929688, 744.953369140625, 720.3482666015625, 679.2322387695312, 734.0496826171875, 709.3858642578125, 666.017822265625, 545.84423828125, 557.808349609375], "v_proj": [189.8477783203125, 210.789306640625, 252.77020263671875, 307.2325744628906, 294.1755065917969, 241.07911682128906, 287.267822265625, 293.0787048339844, 279.2765197753906, 315.9826965332031, 272.8011779785156, 294.9591369628906, 313.653076171875, 375.6279602050781, 454.1575622558594, 443.66278076171875], "o_proj": [759.3027954101562, 909.6697998046875, 935.4365234375, 1099.11279296875, 1060.523193359375, 928.9204711914062, 996.2587890625, 986.3218994140625, 997.3819580078125, 1098.9815673828125, 975.29833984375, 1086.8902587890625, 1111.8487548828125, 1267.0947265625, 1439.0296630859375, 1400.9349365234375], "gate_proj": [3435.693115234375, 3576.819580078125, 3671.806640625, 3930.32421875, 4033.08544921875, 3749.906982421875, 3653.289794921875, 3511.5244140625, 3488.934814453125, 3647.004638671875, 3664.70263671875, 3749.91552734375, 3755.98486328125, 3672.15966796875, 3777.618896484375, 3947.984619140625], "up_proj": [3098.210205078125, 3086.874267578125, 2948.503662109375, 2860.12060546875, 2826.4248046875, 2842.14013671875, 2808.14794921875, 2877.66845703125, 2920.847900390625, 2997.96630859375, 3020.828857421875, 3069.160400390625, 3134.638671875, 3222.244140625, 3189.5537109375, 3405.89794921875], "down_proj": [3090.33251953125, 3028.613037109375, 2928.080810546875, 2787.984130859375, 2745.01806640625, 2746.9248046875, 2693.704833984375, 2769.385009765625, 2811.142822265625, 2890.0166015625, 2957.29052734375, 3028.05078125, 3081.935546875, 3146.67919921875, 3089.678466796875, 3108.853271484375]}