{"q_proj": [2739.118896484375, 3200.358154296875, 3220.82373046875, 3240.75, 3229.70263671875, 3120.893798828125, 3187.83349609375, 3035.6943359375, 2978.4892578125, 2956.21142578125, 2933.25439453125, 2947.707763671875, 2867.7841796875, 2837.958984375, 3023.59912109375, 3059.653076171875, 3194.723388671875, 3191.142578125, 3156.22119140625, 3088.498291015625, 3156.64453125, 3031.451416015625, 3034.692138671875, 3028.7607421875, 2944.236328125, 3006.381591796875, 2518.083251953125, 2680.130859375], "k_proj": [1427.0213623046875, 1582.084228515625, 1592.07177734375, 1575.9298095703125, 1536.826904296875, 1581.785888671875, 1570.598388671875, 1571.5394287109375, 1510.135986328125, 1508.009521484375, 1493.3502197265625, 1459.7784423828125, 1447.0677490234375, 1475.222412109375, 1426.2767333984375, 1439.454833984375, 1514.513916015625, 1485.705322265625, 1452.2276611328125, 1456.6815185546875, 1450.3118896484375, 1361.8668212890625, 1347.0391845703125, 1385.2921142578125, 1340.3602294921875, 1373.6783447265625, 1128.077880859375, 1183.008056640625], "v_proj": [577.0289306640625, 696.8074340820312, 606.6946411132812, 733.970947265625, 769.9743041992188, 634.32958984375, 675.8087768554688, 644.0697021484375, 663.774169921875, 713.4334716796875, 608.5381469726562, 734.7357788085938, 658.5473022460938, 693.7824096679688, 746.8919067382812, 761.8948364257812, 705.3138427734375, 728.5220336914062, 766.8499755859375, 795.02490234375, 864.906494140625, 928.7068481445312, 951.7462768554688, 1007.6724853515625, 1025.45703125, 1070.2506103515625, 1185.566650390625, 1052.51953125], "o_proj": [1546.2960205078125, 1855.909912109375, 1731.14697265625, 2032.2100830078125, 2068.834228515625, 1836.858154296875, 1914.595947265625, 1900.4072265625, 1893.642333984375, 1998.2803955078125, 1838.9736328125, 2019.1319580078125, 1894.181640625, 1945.004150390625, 2092.68994140625, 2079.490966796875, 2102.538818359375, 2139.284912109375, 2139.3056640625, 2224.260986328125, 2342.461669921875, 2461.794921875, 2494.1806640625, 2473.265625, 2537.27783203125, 2583.228759765625, 2682.623779296875, 2658.04931640625], "gate_proj": [4875.43701171875, 4915.0234375, 5020.37548828125, 5188.19482421875, 5405.69921875, 5275.81787109375, 5189.5908203125, 5026.04296875, 4957.74609375, 4925.92431640625, 4771.21240234375, 4707.17822265625, 4682.05908203125, 4740.466796875, 4826.5849609375, 5082.662109375, 5227.85400390625, 5284.6552734375, 5288.8349609375, 5302.9150390625, 5303.1357421875, 5336.37890625, 5384.4033203125, 5463.48876953125, 5500.46484375, 5404.83935546875, 5445.35693359375, 5598.1201171875], "up_proj": [4693.43017578125, 4686.98876953125, 4670.16162109375, 4622.6640625, 4538.3349609375, 4570.34130859375, 4558.30126953125, 4588.83544921875, 4517.32470703125, 4584.4384765625, 4588.81884765625, 4661.6611328125, 4692.232421875, 4714.1787109375, 4764.94189453125, 4724.0947265625, 4695.380859375, 4686.5703125, 4712.76806640625, 4778.81494140625, 4833.10791015625, 4842.228515625, 4867.8974609375, 4866.744140625, 4862.3291015625, 4827.1728515625, 4824.0205078125, 5091.32568359375], "down_proj": [4675.75537109375, 4707.8701171875, 4652.70068359375, 4517.24609375, 4435.0400390625, 4458.98046875, 4448.533203125, 4453.33740234375, 4414.0009765625, 4429.4580078125, 4432.3798828125, 4523.095703125, 4541.37939453125, 4591.13525390625, 4647.16455078125, 4648.04052734375, 4639.1015625, 4668.39306640625, 4700.46875, 4755.28466796875, 4781.7314453125, 4775.73046875, 4762.2041015625, 4723.4755859375, 4637.71240234375, 4630.474609375, 4600.1279296875, 4581.0361328125]}