{"q_proj": [261.8873596191406, 672.9901123046875, 725.3204956054688, 695.5059814453125, 661.7030029296875, 596.3610229492188, 585.2777709960938, 545.6158447265625, 544.3822021484375, 532.18994140625, 539.90478515625, 638.0009155273438, 640.36572265625, 652.0576782226562, 406.35260009765625, 429.067626953125], "k_proj": [170.5675811767578, 287.52593994140625, 316.9255676269531, 291.7672119140625, 296.3136901855469, 290.0690002441406, 249.5768280029297, 282.580322265625, 263.0457763671875, 267.4532775878906, 273.9761047363281, 258.61767578125, 276.8397521972656, 287.56268310546875, 213.33670043945312, 222.62452697753906], "v_proj": [347.5785827636719, 396.9333801269531, 398.6524658203125, 433.00128173828125, 425.6739807128906, 386.6340026855469, 410.07135009765625, 378.07781982421875, 403.0872802734375, 448.96826171875, 413.7042236328125, 427.03936767578125, 413.8896789550781, 421.08441162109375, 298.1537780761719, 330.47039794921875], "o_proj": [705.4534301757812, 868.8466186523438, 894.1666870117188, 1009.3788452148438, 914.4210815429688, 817.1163330078125, 864.9547729492188, 756.4917602539062, 820.009765625, 874.6511840820312, 748.9893798828125, 939.3365478515625, 945.107177734375, 1011.4872436523438, 939.1390380859375, 910.4323120117188], "gate_proj": [1600.2747802734375, 1590.263427734375, 1576.1387939453125, 1451.637451171875, 1411.44580078125, 1394.5164794921875, 1388.8863525390625, 1330.3302001953125, 1380.4674072265625, 1374.0, 1433.9737548828125, 1512.347412109375, 1565.3310546875, 1547.6949462890625, 1488.2454833984375, 1371.0921630859375], "up_proj": [1714.5609130859375, 1724.6785888671875, 1754.040771484375, 1741.0655517578125, 1723.511962890625, 1679.4415283203125, 1669.5367431640625, 1637.9625244140625, 1685.8475341796875, 1678.015869140625, 1678.803466796875, 1658.1904296875, 1631.0587158203125, 1621.1005859375, 1557.267578125, 1309.951416015625], "down_proj": [1732.3173828125, 1687.605712890625, 1623.885009765625, 1622.7479248046875, 1588.8543701171875, 1529.3363037109375, 1512.3985595703125, 1524.1259765625, 1600.59912109375, 1632.459228515625, 1662.714599609375, 1671.03564453125, 1618.0948486328125, 1617.115966796875, 1614.52490234375, 1635.8870849609375]}