{"q_proj": [0.98828125, 0.98828125, 0.98828125, 0.98046875, 0.98046875, 0.984375, 0.96484375, 0.97265625, 0.98046875, 0.9765625, 0.9765625, 0.95703125, 0.97265625, 0.96484375, 0.97265625, 0.96875], "k_proj": [0.9921875, 0.9921875, 0.9921875, 0.98828125, 0.98828125, 0.99609375, 0.984375, 0.98046875, 0.984375, 0.984375, 0.9765625, 0.984375, 0.984375, 0.984375, 0.98046875, 0.98046875], "v_proj": [0.91796875, 0.93359375, 0.9296875, 0.953125, 0.94921875, 0.9375, 0.9609375, 0.9375, 0.93359375, 0.953125, 0.953125, 0.94140625, 0.953125, 0.95703125, 0.98046875, 0.97265625], "o_proj": [0.9765625, 0.984375, 0.97265625, 0.96875, 0.98046875, 0.984375, 0.9765625, 0.97265625, 0.98046875, 0.984375, 0.984375, 0.98046875, 0.984375, 0.97265625, 0.9765625, 0.98828125], "gate_proj": [0.984375, 0.9921875, 0.9765625, 0.9765625, 0.98046875, 0.96484375, 0.96875, 0.97265625, 0.9765625, 0.97265625, 0.97265625, 0.98046875, 0.98046875, 0.98046875, 0.984375, 0.98828125], "up_proj": [0.97265625, 0.9921875, 0.96875, 0.97265625, 0.97265625, 0.9765625, 0.96484375, 0.95703125, 0.9609375, 0.9609375, 0.96484375, 0.96875, 0.95703125, 0.96484375, 0.96875, 0.9921875], "down_proj": [0.984375, 0.98828125, 0.98046875, 0.984375, 0.98046875, 0.9765625, 0.98046875, 0.9765625, 0.984375, 0.984375, 0.98046875, 0.97265625, 0.98046875, 0.9765625, 0.9765625, 0.9921875]}