{"q_proj": [0.9298449754714966, 0.9341142773628235, 0.9205800294876099, 0.9274910688400269, 0.9187955856323242, 0.912492036819458, 0.9146555066108704, 0.9069175720214844, 0.9059134125709534, 0.9047946333885193, 0.8966617584228516, 0.9079970121383667, 0.902021050453186, 0.9003978371620178, 0.8912112712860107, 0.8823817372322083], "k_proj": [0.9408349394798279, 0.9616576433181763, 0.9537927508354187, 0.9520597457885742, 0.9492326378822327, 0.9423918128013611, 0.9377735257148743, 0.9370499849319458, 0.9358709454536438, 0.9399005770683289, 0.9316966533660889, 0.9349732995033264, 0.9292761087417603, 0.9265570044517517, 0.9097834825515747, 0.9138118028640747], "v_proj": [0.8588297963142395, 0.8759320974349976, 0.8865880966186523, 0.9065897464752197, 0.9009568691253662, 0.8878589868545532, 0.8976627588272095, 0.9005458950996399, 0.8960834741592407, 0.9090055823326111, 0.8815943598747253, 0.8835774660110474, 0.8796277642250061, 0.8924446702003479, 0.9180406928062439, 0.9119706749916077], "o_proj": [0.8766965866088867, 0.8845309019088745, 0.8773730993270874, 0.8984247446060181, 0.8968725204467773, 0.8897995948791504, 0.9045947790145874, 0.8985574245452881, 0.9028334617614746, 0.8997690677642822, 0.8859971165657043, 0.8779456615447998, 0.877331554889679, 0.8857672214508057, 0.9024242758750916, 0.9017466306686401], "gate_proj": [0.9218891859054565, 0.9139634966850281, 0.9084912538528442, 0.9060360193252563, 0.9033498764038086, 0.8946929574012756, 0.8866102695465088, 0.8792468905448914, 0.8782809376716614, 0.8817489147186279, 0.8844365477561951, 0.8878838419914246, 0.8891378045082092, 0.8861115574836731, 0.8847246170043945, 0.8901205062866211], "up_proj": [0.9158315062522888, 0.9088076949119568, 0.9029395580291748, 0.9007437825202942, 0.9008629322052002, 0.8964758515357971, 0.8906722068786621, 0.8880319595336914, 0.8881637454032898, 0.89187091588974, 0.891653299331665, 0.8908284902572632, 0.885858952999115, 0.8868499398231506, 0.8858939409255981, 0.8970357775688171], "down_proj": [0.9141929149627686, 0.9055542349815369, 0.9011792540550232, 0.895613431930542, 0.8944650888442993, 0.8900088667869568, 0.88387531042099, 0.8845253586769104, 0.8856379985809326, 0.8907122015953064, 0.8906075954437256, 0.8895682096481323, 0.8843530416488647, 0.8866279125213623, 0.8847405314445496, 0.9004349708557129]}