{"q_proj": [0.0025177001953125, 0.0019378662109375, 0.002166748046875, 0.0022430419921875, 0.0023345947265625, 0.0023345947265625, 0.0023956298828125, 0.00262451171875, 0.002593994140625, 0.0028228759765625, 0.0027313232421875, 0.002960205078125, 0.0027923583984375, 0.00286865234375, 0.0028839111328125, 0.00274658203125], "k_proj": [0.00274658203125, 0.0018768310546875, 0.0020751953125, 0.00213623046875, 0.002288818359375, 0.0024261474609375, 0.00262451171875, 0.002777099609375, 0.002899169921875, 0.00274658203125, 0.0028076171875, 0.0030059814453125, 0.002838134765625, 0.00286865234375, 0.0027923583984375, 0.00274658203125], "v_proj": [0.0013427734375, 0.00144195556640625, 0.00167083740234375, 0.001617431640625, 0.00162506103515625, 0.00159454345703125, 0.00162506103515625, 0.0017242431640625, 0.00164031982421875, 0.00159454345703125, 0.00177764892578125, 0.0019073486328125, 0.0019989013671875, 0.002105712890625, 0.00213623046875, 0.0020751953125], "o_proj": [0.00164794921875, 0.0017547607421875, 0.001953125, 0.00186920166015625, 0.00183868408203125, 0.00179290771484375, 0.00162506103515625, 0.00179290771484375, 0.00168609619140625, 0.0018768310546875, 0.00201416015625, 0.0022430419921875, 0.002288818359375, 0.0024566650390625, 0.0023956298828125, 0.002227783203125], "gate_proj": [0.0019683837890625, 0.0022125244140625, 0.002410888671875, 0.002593994140625, 0.0027313232421875, 0.0028076171875, 0.0029296875, 0.002960205078125, 0.0030059814453125, 0.0030059814453125, 0.002960205078125, 0.0029449462890625, 0.0029296875, 0.0029449462890625, 0.0029754638671875, 0.0028533935546875], "up_proj": [0.00189971923828125, 0.002044677734375, 0.0020904541015625, 0.0020599365234375, 0.0020294189453125, 0.00213623046875, 0.0022125244140625, 0.0023193359375, 0.0023193359375, 0.0023193359375, 0.00238037109375, 0.002471923828125, 0.002685546875, 0.00274658203125, 0.00274658203125, 0.002655029296875], "down_proj": [0.00191497802734375, 0.0020904541015625, 0.0021209716796875, 0.0021209716796875, 0.002105712890625, 0.002197265625, 0.0022430419921875, 0.002288818359375, 0.002288818359375, 0.00225830078125, 0.0023345947265625, 0.0024261474609375, 0.0026397705078125, 0.00262451171875, 0.0026092529296875, 0.0022735595703125]}