{"q_proj": [45.279029846191406, 44.34131622314453, 44.73858642578125, 39.60165786743164, 41.073001861572266, 44.819610595703125, 36.56312942504883, 39.12123489379883, 43.377010345458984, 41.33373260498047, 40.96452331542969, 34.914520263671875, 39.52406692504883, 37.951473236083984, 41.08373260498047, 39.22452163696289], "k_proj": [45.34138488769531, 41.58642578125, 45.819610595703125, 40.27832794189453, 41.797760009765625, 50.65338134765625, 40.889671325683594, 38.08642578125, 41.698917388916016, 40.87852096557617, 38.144142150878906, 40.81956100463867, 42.996681213378906, 43.069610595703125, 43.127296447753906, 42.91127395629883], "v_proj": [31.8801212310791, 34.00655746459961, 32.28179931640625, 35.018367767333984, 34.200462341308594, 33.00655746459961, 37.73429870605469, 31.78179931640625, 31.517154693603516, 33.75847625732422, 37.203922271728516, 34.65067672729492, 37.2308349609375, 36.399452209472656, 40.87123489379883, 39.66002655029297], "o_proj": [43.61147689819336, 46.309566497802734, 43.218170166015625, 40.217987060546875, 44.67586898803711, 46.09613800048828, 41.6748046875, 40.97608184814453, 43.058353424072266, 46.2969970703125, 47.69769287109375, 45.246681213378906, 47.39226150512695, 41.70392608642578, 41.501434326171875, 48.318359375], "gate_proj": [44.34194564819336, 49.68365478515625, 40.875587463378906, 40.325523376464844, 43.246681213378906, 38.677093505859375, 39.93526840209961, 42.61406707763672, 43.319583892822266, 42.41127395629883, 41.549156188964844, 44.632076263427734, 44.3918342590332, 44.99512481689453, 45.725460052490234, 47.394081115722656], "up_proj": [38.486602783203125, 52.26728057861328, 38.861961364746094, 41.06501388549805, 40.36036682128906, 42.266029357910156, 39.22608184814453, 37.52855682373047, 38.4248046875, 38.35641098022461, 39.58642578125, 40.11147689819336, 37.85669708251953, 39.968170166015625, 41.25898742675781, 49.70122528076172], "down_proj": [45.358253479003906, 47.19769287109375, 44.00367736816406, 45.36406707763672, 45.097923278808594, 43.83373260498047, 45.44187545776367, 43.918827056884766, 45.798927307128906, 46.06256103515625, 45.005977630615234, 41.99790573120117, 45.721717834472656, 42.985958099365234, 42.874359130859375, 49.26226043701172]}