{"q_proj": [1.1026859283447266e-05, 6.586313247680664e-06, 8.046627044677734e-06, 8.761882781982422e-06, 9.298324584960938e-06, 9.47713851928711e-06, 9.775161743164062e-06, 1.1622905731201172e-05, 1.150369644165039e-05, 1.3470649719238281e-05, 1.2755393981933594e-05, 1.4901161193847656e-05, 1.341104507446289e-05, 1.4126300811767578e-05, 1.4007091522216797e-05, 1.2934207916259766e-05], "k_proj": [1.2636184692382812e-05, 6.22868537902832e-06, 7.3909759521484375e-06, 7.808208465576172e-06, 8.821487426757812e-06, 9.953975677490234e-06, 1.1563301086425781e-05, 1.2993812561035156e-05, 1.4126300811767578e-05, 1.2814998626708984e-05, 1.3470649719238281e-05, 1.5139579772949219e-05, 1.3768672943115234e-05, 1.3947486877441406e-05, 1.3172626495361328e-05, 1.2814998626708984e-05], "v_proj": [3.0994415283203125e-06, 3.4570693969726562e-06, 4.6193599700927734e-06, 4.32133674621582e-06, 4.380941390991211e-06, 4.1425228118896484e-06, 4.32133674621582e-06, 4.857778549194336e-06, 4.380941390991211e-06, 4.172325134277344e-06, 5.155801773071289e-06, 5.930662155151367e-06, 6.5267086029052734e-06, 7.212162017822266e-06, 7.420778274536133e-06, 7.033348083496094e-06], "o_proj": [4.4405460357666016e-06, 5.0067901611328125e-06, 6.16908073425293e-06, 5.662441253662109e-06, 5.632638931274414e-06, 5.334615707397461e-06, 4.32133674621582e-06, 5.304813385009766e-06, 4.708766937255859e-06, 5.990266799926758e-06, 6.67572021484375e-06, 8.285045623779297e-06, 8.702278137207031e-06, 9.894371032714844e-06, 9.298324584960938e-06, 8.285045623779297e-06], "gate_proj": [6.16908073425293e-06, 7.808208465576172e-06, 9.238719940185547e-06, 1.0728836059570312e-05, 1.1980533599853516e-05, 1.2695789337158203e-05, 1.3828277587890625e-05, 1.4185905456542969e-05, 1.4543533325195312e-05, 1.4543533325195312e-05, 1.4066696166992188e-05, 1.3887882232666016e-05, 1.3649463653564453e-05, 1.3828277587890625e-05, 1.4126300811767578e-05, 1.3053417205810547e-05], "up_proj": [5.7220458984375e-06, 6.645917892456055e-06, 7.0035457611083984e-06, 6.9141387939453125e-06, 6.735324859619141e-06, 7.4803829193115234e-06, 8.106231689453125e-06, 8.821487426757812e-06, 8.881092071533203e-06, 8.881092071533203e-06, 9.238719940185547e-06, 9.953975677490234e-06, 1.1622905731201172e-05, 1.1980533599853516e-05, 1.2159347534179688e-05, 1.138448715209961e-05], "down_proj": [5.811452865600586e-06, 6.884336471557617e-06, 7.212162017822266e-06, 7.271766662597656e-06, 7.063150405883789e-06, 7.748603820800781e-06, 8.165836334228516e-06, 8.463859558105469e-06, 8.58306884765625e-06, 8.285045623779297e-06, 8.821487426757812e-06, 9.47713851928711e-06, 1.1086463928222656e-05, 1.1026859283447266e-05, 1.0967254638671875e-05, 8.52346420288086e-06]}