{"q_proj": [43.78904342651367, 15.484610557556152, 11.100354194641113, 12.494485855102539, 13.084100723266602, 12.02458381652832, 12.285085678100586, 12.784028053283691, 10.93354606628418, 10.749348640441895, 10.780529022216797, 12.070540428161621, 10.06091594696045, 10.308694839477539, 12.247381210327148, 12.136003494262695, 11.636941909790039, 11.875199317932129, 11.501786231994629, 12.609526634216309, 12.132441520690918, 11.51952838897705, 11.819953918457031, 11.214784622192383, 11.030620574951172, 9.991167068481445, 12.471101760864258, 13.545341491699219], "k_proj": [26.327096939086914, 11.15378189086914, 7.437765598297119, 8.515484809875488, 8.763189315795898, 8.21286678314209, 9.080473899841309, 9.67428207397461, 8.59371566772461, 8.224766731262207, 7.7929205894470215, 9.050600051879883, 8.152335166931152, 8.386741638183594, 9.090826988220215, 8.531489372253418, 8.567154884338379, 8.435270309448242, 8.276334762573242, 8.527536392211914, 8.302396774291992, 7.676095008850098, 7.336709022521973, 8.03307056427002, 7.69624662399292, 7.2375640869140625, 7.657437324523926, 9.035497665405273], "v_proj": [1.5296553373336792, 1.4005874395370483, 1.5136915445327759, 1.4102253913879395, 1.56541109085083, 1.3682907819747925, 1.5158518552780151, 1.5398014783859253, 1.4412121772766113, 1.6206156015396118, 1.5763343572616577, 1.7136155366897583, 1.4815021753311157, 1.387618899345398, 1.4510174989700317, 1.4055553674697876, 1.520883321762085, 1.3891173601150513, 1.5472619533538818, 1.4966038465499878, 1.745000958442688, 1.7935525178909302, 1.8992738723754883, 1.8669365644454956, 2.0143935680389404, 2.2629380226135254, 2.7078380584716797, 2.074420690536499], "o_proj": [4.743342876434326, 5.165699005126953, 5.042971134185791, 4.5503458976745605, 4.174264907836914, 3.4113752841949463, 3.5477285385131836, 3.306410074234009, 3.6990439891815186, 4.022115230560303, 3.567135810852051, 3.8207509517669678, 3.3284859657287598, 2.9772679805755615, 3.8218581676483154, 4.096683025360107, 3.7104814052581787, 3.6477575302124023, 4.135823726654053, 3.29840087890625, 3.5040242671966553, 3.173865556716919, 3.5056917667388916, 3.7577056884765625, 4.602227210998535, 5.471768379211426, 5.38083553314209, 5.011332988739014], "gate_proj": [8.096793174743652, 8.219161033630371, 9.346687316894531, 11.3394136428833, 14.310505867004395, 13.559288024902344, 13.993992805480957, 13.303384780883789, 13.301741600036621, 13.783730506896973, 13.127935409545898, 13.097500801086426, 13.593794822692871, 13.832769393920898, 14.542550086975098, 15.037565231323242, 13.57535171508789, 12.854954719543457, 12.552800178527832, 12.129317283630371, 11.073739051818848, 9.904598236083984, 9.748758316040039, 12.02904987335205, 14.225138664245605, 14.753265380859375, 15.4937105178833, 16.79817771911621], "up_proj": [5.757992267608643, 4.298739910125732, 3.7604005336761475, 3.580566644668579, 3.5558791160583496, 3.800966739654541, 3.914196252822876, 4.084133625030518, 4.03090763092041, 3.9668920040130615, 4.50600004196167, 4.34950065612793, 4.210350036621094, 3.947274923324585, 3.964354991912842, 4.153506278991699, 4.163819789886475, 4.1562395095825195, 4.265132427215576, 4.522776126861572, 4.423295021057129, 4.124217510223389, 4.260248184204102, 4.9754319190979, 6.312918186187744, 8.484971046447754, 11.809789657592773, 19.583465576171875], "down_proj": [5.983282089233398, 5.546023368835449, 5.568072319030762, 4.865598678588867, 5.272881984710693, 5.073885440826416, 5.61972188949585, 6.646161079406738, 6.761639595031738, 7.122956275939941, 7.190048694610596, 7.413936138153076, 5.6573967933654785, 5.423338413238525, 5.668379783630371, 5.123087406158447, 4.6466288566589355, 4.169373989105225, 4.458504676818848, 4.401991844177246, 4.160850524902344, 4.555367946624756, 4.551184177398682, 4.416419982910156, 4.803887844085693, 4.373806953430176, 4.369729518890381, 4.712067127227783]}