{"q_proj": [0.9726131558418274, 0.9816308617591858, 0.9812384247779846, 0.9817379117012024, 0.9808306097984314, 0.9793536067008972, 0.9796520471572876, 0.9781846404075623, 0.9773347973823547, 0.9762519598007202, 0.9753198027610779, 0.974725067615509, 0.9766862392425537, 0.9738186001777649, 0.974378764629364, 0.9726147651672363, 0.9738860726356506, 0.9727005362510681, 0.9750141501426697, 0.9739763736724854, 0.9728643298149109, 0.9741708636283875, 0.9735770225524902, 0.9741073846817017, 0.9741122722625732, 0.9751091599464417, 0.9736764430999756, 0.9732088446617126, 0.9727333188056946, 0.975669264793396, 0.9672057032585144, 0.9731362462043762], "k_proj": [0.9766289591789246, 0.9856230020523071, 0.9865990877151489, 0.9872956275939941, 0.9869279265403748, 0.9856314659118652, 0.9863468408584595, 0.9861956238746643, 0.9841516017913818, 0.9835211038589478, 0.983791708946228, 0.9831609129905701, 0.9846961498260498, 0.9819273352622986, 0.9826508164405823, 0.9829517602920532, 0.9827621579170227, 0.9823734760284424, 0.9827892184257507, 0.982201099395752, 0.9814727306365967, 0.9820924401283264, 0.9813486337661743, 0.9825719594955444, 0.9807048439979553, 0.9801591038703918, 0.9807496070861816, 0.980365514755249, 0.9809049963951111, 0.9817347526550293, 0.9766944050788879, 0.9812747240066528], "v_proj": [0.9497992396354675, 0.9641696810722351, 0.9573259949684143, 0.9650281071662903, 0.9653669595718384, 0.9588070511817932, 0.9621793031692505, 0.9626273512840271, 0.9610357284545898, 0.9655935168266296, 0.9605492949485779, 0.9628864526748657, 0.9681039452552795, 0.965585470199585, 0.9629520177841187, 0.9646940231323242, 0.963797926902771, 0.9657484889030457, 0.9610991477966309, 0.9621941447257996, 0.9628484845161438, 0.9649426341056824, 0.9658442139625549, 0.9668252468109131, 0.969194769859314, 0.9695332646369934, 0.9713004231452942, 0.971620500087738, 0.9732048511505127, 0.975768506526947, 0.9784988164901733, 0.9782425165176392], "o_proj": [0.9609097838401794, 0.9657176733016968, 0.9600451588630676, 0.9678314328193665, 0.9681234955787659, 0.9639914035797119, 0.9671672582626343, 0.9689002633094788, 0.9690619111061096, 0.9695785045623779, 0.9676669836044312, 0.9691171050071716, 0.9713359475135803, 0.9696877002716064, 0.9698062539100647, 0.9675908088684082, 0.9675188064575195, 0.9663121104240417, 0.9643206596374512, 0.9640149474143982, 0.9625009894371033, 0.9646340608596802, 0.9646686315536499, 0.9639633297920227, 0.9660474061965942, 0.9662061333656311, 0.9674903154373169, 0.9667531847953796, 0.9678753614425659, 0.9706764221191406, 0.9713526368141174, 0.972701907157898], "gate_proj": [0.9752417206764221, 0.9750672578811646, 0.9748226404190063, 0.975141167640686, 0.9750114679336548, 0.9744170904159546, 0.9734224081039429, 0.9720016121864319, 0.9712330102920532, 0.970652163028717, 0.9696924090385437, 0.9685274958610535, 0.9674041271209717, 0.9671305418014526, 0.9672369360923767, 0.9678651094436646, 0.9682323336601257, 0.9682767391204834, 0.9685603976249695, 0.9688189029693604, 0.9690287113189697, 0.9696730375289917, 0.9700914621353149, 0.9701007604598999, 0.9703534841537476, 0.9705392122268677, 0.9703530073165894, 0.9703515768051147, 0.9696940779685974, 0.9691564440727234, 0.9700823426246643, 0.9748925566673279], "up_proj": [0.9733137488365173, 0.9733385443687439, 0.9724365472793579, 0.9715186953544617, 0.9705438613891602, 0.9702984094619751, 0.9697672724723816, 0.9694139361381531, 0.968787431716919, 0.9685169458389282, 0.9685573577880859, 0.9680141806602478, 0.9679681062698364, 0.9674350619316101, 0.9670993089675903, 0.9666179418563843, 0.9657610654830933, 0.9654732346534729, 0.9649494290351868, 0.9646697640419006, 0.9647817611694336, 0.9652589559555054, 0.9651274681091309, 0.9649278521537781, 0.964870035648346, 0.9649852514266968, 0.9651868343353271, 0.9655389785766602, 0.9658635258674622, 0.9665688872337341, 0.9680421948432922, 0.9734055399894714], "down_proj": [0.9723832607269287, 0.9727266430854797, 0.9719790816307068, 0.9706543684005737, 0.9696896076202393, 0.9692513346672058, 0.9688094854354858, 0.9685041308403015, 0.9680224061012268, 0.9677939414978027, 0.9678137898445129, 0.9676277041435242, 0.9680411219596863, 0.9675179719924927, 0.966906726360321, 0.9665175676345825, 0.9653943181037903, 0.965256929397583, 0.9647169709205627, 0.9643003940582275, 0.9644074440002441, 0.9647661447525024, 0.9646236300468445, 0.9642114043235779, 0.9639912843704224, 0.9639474153518677, 0.9642390608787537, 0.9647631049156189, 0.9655314087867737, 0.9666910171508789, 0.9689895510673523, 0.9748071432113647]}