{"q_proj": [0.00024318695068359375, 0.0003147125244140625, 0.0003604888916015625, 0.0003795623779296875, 0.0003871917724609375, 0.0004100799560546875, 0.000431060791015625, 0.0004329681396484375, 0.00045013427734375, 0.0004711151123046875, 0.0004749298095703125, 0.000484466552734375, 0.0004825592041015625, 0.000507354736328125, 0.000492095947265625, 0.00052642822265625, 0.000514984130859375, 0.00054168701171875, 0.000522613525390625, 0.000537872314453125, 0.000545501708984375, 0.000537872314453125, 0.000537872314453125, 0.000518798828125, 0.000507354736328125, 0.000492095947265625, 0.000518798828125, 0.00051116943359375, 0.000522613525390625, 0.00048065185546875, 0.000545501708984375, 0.000518798828125], "k_proj": [0.000308990478515625, 0.0003204345703125, 0.0003681182861328125, 0.0003814697265625, 0.0003948211669921875, 0.00041961669921875, 0.000438690185546875, 0.000446319580078125, 0.0004711151123046875, 0.000492095947265625, 0.00048828125, 0.00051116943359375, 0.00048828125, 0.000537872314453125, 0.000518798828125, 0.000530242919921875, 0.000530242919921875, 0.000545501708984375, 0.00054931640625, 0.00054931640625, 0.000553131103515625, 0.00055694580078125, 0.00054931640625, 0.00052642822265625, 0.000518798828125, 0.000518798828125, 0.00052642822265625, 0.000514984130859375, 0.000530242919921875, 0.00051116943359375, 0.000545501708984375, 0.000530242919921875], "v_proj": [0.000278472900390625, 0.0003662109375, 0.0003719329833984375, 0.0003757476806640625, 0.0003833770751953125, 0.0003910064697265625, 0.0003910064697265625, 0.0003814697265625, 0.0003986358642578125, 0.000400543212890625, 0.000400543212890625, 0.0003986358642578125, 0.0003986358642578125, 0.0004024505615234375, 0.0004138946533203125, 0.00041961669921875, 0.0004177093505859375, 0.000438690185546875, 0.00045013427734375, 0.0004596710205078125, 0.000476837158203125, 0.00046539306640625, 0.0004863739013671875, 0.00049591064453125, 0.000492095947265625, 0.000499725341796875, 0.000484466552734375, 0.0005035400390625, 0.00049591064453125, 0.0004673004150390625, 0.00048065185546875, 0.0004329681396484375], "o_proj": [0.000370025634765625, 0.0003814697265625, 0.00040435791015625, 0.000400543212890625, 0.000392913818359375, 0.00040435791015625, 0.000396728515625, 0.000377655029296875, 0.00037384033203125, 0.00038909912109375, 0.00038909912109375, 0.0003833770751953125, 0.0003814697265625, 0.0003910064697265625, 0.000385284423828125, 0.000431060791015625, 0.0004291534423828125, 0.0004558563232421875, 0.000484466552734375, 0.00049591064453125, 0.00051116943359375, 0.00048828125, 0.000507354736328125, 0.000530242919921875, 0.000518798828125, 0.000514984130859375, 0.0005035400390625, 0.000522613525390625, 0.000514984130859375, 0.00048828125, 0.000507354736328125, 0.0004673004150390625], "gate_proj": [0.0003948211669921875, 0.00040435791015625, 0.00041961669921875, 0.0004329681396484375, 0.000446319580078125, 0.000461578369140625, 0.000476837158203125, 0.00048828125, 0.0005035400390625, 0.000514984130859375, 0.00052642822265625, 0.000537872314453125, 0.00054168701171875, 0.00054931640625, 0.000553131103515625, 0.000560760498046875, 0.000568389892578125, 0.00057220458984375, 0.000576019287109375, 0.000579833984375, 0.000576019287109375, 0.000568389892578125, 0.000568389892578125, 0.000568389892578125, 0.000568389892578125, 0.000568389892578125, 0.000568389892578125, 0.000568389892578125, 0.00057220458984375, 0.000576019287109375, 0.0005645751953125, 0.000537872314453125], "up_proj": [0.000392913818359375, 0.000400543212890625, 0.0004138946533203125, 0.0004215240478515625, 0.000423431396484375, 0.000431060791015625, 0.000438690185546875, 0.0004482269287109375, 0.0004558563232421875, 0.0004634857177734375, 0.0004711151123046875, 0.00048065185546875, 0.0004863739013671875, 0.00049591064453125, 0.000499725341796875, 0.000507354736328125, 0.000518798828125, 0.000522613525390625, 0.00052642822265625, 0.000530242919921875, 0.0005340576171875, 0.00052642822265625, 0.0005340576171875, 0.000537872314453125, 0.00054168701171875, 0.00054168701171875, 0.00054168701171875, 0.00054168701171875, 0.000545501708984375, 0.000545501708984375, 0.00052642822265625, 0.00049591064453125], "down_proj": [0.00040435791015625, 0.000408172607421875, 0.0004215240478515625, 0.000431060791015625, 0.0004329681396484375, 0.0004405975341796875, 0.0004444122314453125, 0.00045013427734375, 0.000453948974609375, 0.000457763671875, 0.00046539306640625, 0.0004711151123046875, 0.0004730224609375, 0.0004825592041015625, 0.00049591064453125, 0.000499725341796875, 0.000514984130859375, 0.000514984130859375, 0.00052642822265625, 0.000530242919921875, 0.0005340576171875, 0.00052642822265625, 0.0005340576171875, 0.00054168701171875, 0.000545501708984375, 0.00054931640625, 0.00054931640625, 0.000545501708984375, 0.00054168701171875, 0.000530242919921875, 0.00049591064453125, 0.0004119873046875]}