{"q_proj": [6.794929504394531e-06, 4.589557647705078e-06, 6.288290023803711e-06, 6.765127182006836e-06, 6.9141387939453125e-06, 7.62939453125e-06, 8.165836334228516e-06, 7.987022399902344e-06, 8.52346420288086e-06, 8.821487426757812e-06, 9.059906005859375e-06, 9.179115295410156e-06, 9.894371032714844e-06, 9.357929229736328e-06, 1.0311603546142578e-05, 1.0788440704345703e-05, 1.0311603546142578e-05, 1.0669231414794922e-05, 1.1026859283447266e-05, 1.0907649993896484e-05, 1.0669231414794922e-05, 1.0132789611816406e-05, 9.834766387939453e-06, 1.0013580322265625e-05, 1.0251998901367188e-05, 9.59634780883789e-06, 1.0609626770019531e-05, 1.0132789611816406e-05], "k_proj": [9.357929229736328e-06, 4.380941390991211e-06, 6.139278411865234e-06, 6.407499313354492e-06, 6.586313247680664e-06, 7.808208465576172e-06, 7.987022399902344e-06, 8.344650268554688e-06, 8.821487426757812e-06, 9.238719940185547e-06, 9.894371032714844e-06, 9.357929229736328e-06, 1.0848045349121094e-05, 1.0728836059570312e-05, 9.894371032714844e-06, 1.0848045349121094e-05, 1.043081283569336e-05, 1.0669231414794922e-05, 1.0907649993896484e-05, 1.1146068572998047e-05, 1.0192394256591797e-05, 9.894371032714844e-06, 9.715557098388672e-06, 9.953975677490234e-06, 1.0013580322265625e-05, 9.417533874511719e-06, 1.0013580322265625e-05, 9.238719940185547e-06], "v_proj": [3.4421682357788086e-06, 4.500150680541992e-06, 5.0067901611328125e-06, 4.76837158203125e-06, 5.066394805908203e-06, 5.0961971282958984e-06, 4.827976226806641e-06, 4.5299530029296875e-06, 4.798173904418945e-06, 4.738569259643555e-06, 4.649162292480469e-06, 4.589557647705078e-06, 4.589557647705078e-06, 4.857778549194336e-06, 4.827976226806641e-06, 5.185604095458984e-06, 5.4836273193359375e-06, 6.22868537902832e-06, 6.5267086029052734e-06, 6.109476089477539e-06, 7.152557373046875e-06, 7.510185241699219e-06, 7.569789886474609e-06, 7.212162017822266e-06, 7.808208465576172e-06, 7.12275505065918e-06, 6.943941116333008e-06, 5.424022674560547e-06], "o_proj": [4.678964614868164e-06, 4.708766937255859e-06, 5.930662155151367e-06, 5.304813385009766e-06, 5.304813385009766e-06, 5.513429641723633e-06, 5.125999450683594e-06, 4.559755325317383e-06, 4.291534423828125e-06, 4.559755325317383e-06, 4.500150680541992e-06, 4.351139068603516e-06, 4.827976226806641e-06, 4.32133674621582e-06, 5.304813385009766e-06, 5.841255187988281e-06, 6.973743438720703e-06, 7.808208465576172e-06, 8.344650268554688e-06, 7.331371307373047e-06, 8.881092071533203e-06, 8.881092071533203e-06, 8.940696716308594e-06, 8.285045623779297e-06, 8.821487426757812e-06, 8.285045623779297e-06, 7.748603820800781e-06, 6.9141387939453125e-06], "gate_proj": [5.424022674560547e-06, 6.16908073425293e-06, 6.794929504394531e-06, 7.271766662597656e-06, 7.748603820800781e-06, 8.106231689453125e-06, 8.702278137207031e-06, 9.119510650634766e-06, 9.655952453613281e-06, 1.0073184967041016e-05, 1.0311603546142578e-05, 1.043081283569336e-05, 1.055002212524414e-05, 1.0609626770019531e-05, 1.0848045349121094e-05, 1.1086463928222656e-05, 1.1205673217773438e-05, 1.1205673217773438e-05, 1.1146068572998047e-05, 1.0788440704345703e-05, 1.0967254638671875e-05, 1.1026859283447266e-05, 1.1146068572998047e-05, 1.1205673217773438e-05, 1.1205673217773438e-05, 1.1146068572998047e-05, 1.0728836059570312e-05, 9.59634780883789e-06], "up_proj": [5.304813385009766e-06, 5.781650543212891e-06, 6.198883056640625e-06, 6.139278411865234e-06, 5.811452865600586e-06, 5.930662155151367e-06, 6.0498714447021484e-06, 6.467103958129883e-06, 6.705522537231445e-06, 7.0035457611083984e-06, 7.450580596923828e-06, 7.569789886474609e-06, 7.68899917602539e-06, 7.68899917602539e-06, 7.599592208862305e-06, 7.68899917602539e-06, 7.867813110351562e-06, 7.987022399902344e-06, 8.165836334228516e-06, 7.987022399902344e-06, 8.702278137207031e-06, 9.119510650634766e-06, 9.357929229736328e-06, 9.417533874511719e-06, 9.417533874511719e-06, 9.5367431640625e-06, 9.000301361083984e-06, 8.58306884765625e-06], "down_proj": [5.27501106262207e-06, 5.930662155151367e-06, 6.139278411865234e-06, 6.377696990966797e-06, 6.0498714447021484e-06, 6.288290023803711e-06, 6.4373016357421875e-06, 6.735324859619141e-06, 6.884336471557617e-06, 7.092952728271484e-06, 7.361173629760742e-06, 7.450580596923828e-06, 7.539987564086914e-06, 7.62939453125e-06, 7.361173629760742e-06, 7.510185241699219e-06, 7.927417755126953e-06, 8.046627044677734e-06, 8.165836334228516e-06, 8.046627044677734e-06, 8.702278137207031e-06, 9.179115295410156e-06, 9.59634780883789e-06, 9.59634780883789e-06, 9.47713851928711e-06, 8.940696716308594e-06, 7.867813110351562e-06, 6.198883056640625e-06]}