{"q_proj": [0.08837890625, 0.08837890625, 0.0, 0.08837890625, 0.125, 0.125, 0.125, 0.125, 0.125, 0.08837890625, 0.1533203125, 0.125, 0.08837890625, 0.125, 0.125, 0.08837890625, 0.1533203125, 0.1533203125, 0.1533203125, 0.1767578125, 0.125, 0.08837890625, 0.125, 0.125, 0.1767578125, 0.125, 0.1533203125, 0.1533203125], "k_proj": [0.08837890625, 0.0, 0.08837890625, 0.0, 0.08837890625, 0.08837890625, 0.0, 0.08837890625, 0.0, 0.08837890625, 0.125, 0.125, 0.125, 0.08837890625, 0.08837890625, 0.08837890625, 0.08837890625, 0.125, 0.08837890625, 0.08837890625, 0.125, 0.125, 0.08837890625, 0.125, 0.125, 0.1533203125, 0.125, 0.125], "v_proj": [0.1767578125, 0.1533203125, 0.1982421875, 0.1533203125, 0.1533203125, 0.1767578125, 0.1982421875, 0.1767578125, 0.1533203125, 0.1533203125, 0.1767578125, 0.125, 0.1767578125, 0.1767578125, 0.1533203125, 0.1533203125, 0.1767578125, 0.1982421875, 0.1767578125, 0.1767578125, 0.1767578125, 0.1533203125, 0.1767578125, 0.125, 0.1533203125, 0.1767578125, 0.125, 0.125], "o_proj": [0.1767578125, 0.1533203125, 0.1767578125, 0.1533203125, 0.1533203125, 0.1767578125, 0.1533203125, 0.125, 0.1533203125, 0.125, 0.1533203125, 0.125, 0.1533203125, 0.125, 0.1533203125, 0.1533203125, 0.1767578125, 0.1767578125, 0.1982421875, 0.1982421875, 0.1767578125, 0.1533203125, 0.1767578125, 0.1533203125, 0.1767578125, 0.1533203125, 0.125, 0.1533203125], "gate_proj": [0.125, 0.125, 0.125, 0.1533203125, 0.1533203125, 0.08837890625, 0.1533203125, 0.1533203125, 0.1767578125, 0.1533203125, 0.1767578125, 0.1767578125, 0.1767578125, 0.1533203125, 0.1767578125, 0.1767578125, 0.1533203125, 0.1533203125, 0.1767578125, 0.1767578125, 0.1533203125, 0.1767578125, 0.1533203125, 0.1533203125, 0.1533203125, 0.1533203125, 0.1533203125, 0.125], "up_proj": [0.1533203125, 0.1533203125, 0.125, 0.1533203125, 0.125, 0.1533203125, 0.1533203125, 0.1533203125, 0.125, 0.1533203125, 0.1767578125, 0.1533203125, 0.1767578125, 0.1767578125, 0.1533203125, 0.1533203125, 0.1767578125, 0.1533203125, 0.1533203125, 0.1767578125, 0.1767578125, 0.1533203125, 0.1767578125, 0.1533203125, 0.1533203125, 0.1533203125, 0.1767578125, 0.125], "down_proj": [0.08837890625, 0.125, 0.125, 0.1533203125, 0.1533203125, 0.1533203125, 0.125, 0.125, 0.1533203125, 0.1767578125, 0.1533203125, 0.125, 0.125, 0.1767578125, 0.1533203125, 0.1533203125, 0.1533203125, 0.1767578125, 0.1533203125, 0.1767578125, 0.1533203125, 0.1767578125, 0.1767578125, 0.1767578125, 0.1767578125, 0.1767578125, 0.1533203125, 0.125]}