{"q_proj": [2007.5865478515625, 3138.3427734375, 3591.912109375, 3694.54833984375, 3583.16650390625, 3470.7587890625, 3616.841796875, 3433.854736328125, 3363.18310546875, 3341.508544921875, 3412.283203125, 3297.71337890625, 3343.5400390625, 3225.471923828125, 3224.759521484375, 3515.1708984375, 3515.9462890625, 3535.6904296875, 3610.5947265625, 3679.087890625, 3631.69921875, 3609.902587890625, 3525.29052734375, 3583.25390625, 3470.927001953125, 3431.45654296875, 3445.890869140625, 3374.51904296875, 3410.734375, 3439.08056640625, 2934.57421875, 3377.77880859375], "k_proj": [969.4810791015625, 1325.09033203125, 1551.47216796875, 1576.218017578125, 1546.192138671875, 1555.8922119140625, 1573.392333984375, 1568.60107421875, 1518.288330078125, 1510.9180908203125, 1544.6533203125, 1536.9703369140625, 1488.359375, 1483.61376953125, 1497.8162841796875, 1496.8055419921875, 1515.1993408203125, 1514.953857421875, 1563.0966796875, 1541.4803466796875, 1502.2667236328125, 1521.1923828125, 1480.5894775390625, 1490.1021728515625, 1387.626708984375, 1393.716064453125, 1413.03759765625, 1402.731689453125, 1360.82861328125, 1446.9554443359375, 1157.0048828125, 1341.9124755859375], "v_proj": [435.44866943359375, 554.2490844726562, 450.03753662109375, 544.5531005859375, 576.710205078125, 478.3868103027344, 522.6495971679688, 504.67486572265625, 534.2906494140625, 609.1976928710938, 527.4739379882812, 516.2059936523438, 616.8394775390625, 577.5262451171875, 574.87841796875, 635.9512939453125, 595.8836669921875, 663.0424194335938, 586.9678344726562, 623.899658203125, 664.77392578125, 688.7369995117188, 717.3541870117188, 759.7141723632812, 813.509765625, 826.8168334960938, 884.8881225585938, 915.7674560546875, 977.201171875, 1008.7093505859375, 1165.4466552734375, 1034.9853515625], "o_proj": [1638.0850830078125, 1922.66943359375, 1766.058837890625, 2083.98828125, 2088.825927734375, 1907.3941650390625, 2013.548828125, 2017.476806640625, 2028.4334716796875, 2158.447265625, 2042.949462890625, 2027.9954833984375, 2184.128662109375, 2100.7099609375, 2112.2607421875, 2248.675048828125, 2205.241943359375, 2299.48583984375, 2265.819580078125, 2318.134765625, 2315.978759765625, 2386.772216796875, 2440.222900390625, 2518.29052734375, 2615.18994140625, 2633.6103515625, 2651.126953125, 2696.5244140625, 2738.680419921875, 2826.8984375, 2931.31689453125, 2907.45556640625], "gate_proj": [5701.8623046875, 5871.93505859375, 6149.59619140625, 6423.630859375, 6735.05322265625, 6708.84326171875, 6716.197265625, 6579.26611328125, 6539.10986328125, 6598.4130859375, 6446.189453125, 6374.6630859375, 6307.4609375, 6297.83251953125, 6451.58056640625, 6584.55126953125, 6768.0625, 6855.6513671875, 6913.54638671875, 6972.7216796875, 6984.2958984375, 7041.0029296875, 7037.6875, 7061.09423828125, 7101.083984375, 7154.85107421875, 7204.3466796875, 7248.544921875, 7200.2255859375, 7155.041015625, 7359.7353515625, 8210.5703125], "up_proj": [5454.2509765625, 5551.39599609375, 5573.6337890625, 5503.7734375, 5401.79638671875, 5414.8818359375, 5399.1767578125, 5460.77783203125, 5414.15869140625, 5452.83935546875, 5515.64599609375, 5559.84521484375, 5678.89208984375, 5686.72119140625, 5702.88671875, 5663.90380859375, 5597.64306640625, 5584.51318359375, 5561.41015625, 5542.1806640625, 5563.32177734375, 5582.515625, 5590.50048828125, 5609.228515625, 5631.46484375, 5675.94921875, 5724.51513671875, 5788.92529296875, 5890.43359375, 6008.8271484375, 6083.60888671875, 6775.1630859375], "down_proj": [5486.04345703125, 5614.369140625, 5552.13623046875, 5411.11181640625, 5315.240234375, 5323.18359375, 5301.46728515625, 5323.2041015625, 5299.97998046875, 5317.20947265625, 5360.0888671875, 5382.37353515625, 5531.6064453125, 5539.4140625, 5555.330078125, 5576.1884765625, 5514.2861328125, 5536.837890625, 5513.1240234375, 5508.81005859375, 5535.31396484375, 5567.48291015625, 5578.87548828125, 5580.0595703125, 5579.0625, 5586.349609375, 5619.13623046875, 5656.7744140625, 5753.5068359375, 5900.228515625, 5943.1826171875, 6044.9462890625]}