{"q_proj": [5.799821853637695, 20.006397247314453, 27.646081924438477, 24.135337829589844, 23.376052856445312, 23.85720443725586, 21.24932289123535, 27.30945587158203, 30.07524871826172, 25.21422004699707, 25.608823776245117, 26.906431198120117, 24.73284149169922, 26.077241897583008, 19.96907615661621, 15.7118501663208], "k_proj": [8.838093757629395, 22.971797943115234, 30.465269088745117, 21.00301742553711, 20.728878021240234, 20.919736862182617, 20.247806549072266, 25.19864845275879, 23.055580139160156, 20.091249465942383, 23.458765029907227, 18.663631439208984, 20.396305084228516, 20.934490203857422, 19.998939514160156, 14.729047775268555], "v_proj": [79.57137298583984, 116.14897918701172, 132.51890563964844, 173.18577575683594, 164.06825256347656, 120.83246612548828, 144.9090576171875, 129.79983520507812, 160.65072631835938, 197.25247192382812, 111.8970947265625, 166.4672393798828, 172.0924072265625, 194.10147094726562, 70.19755554199219, 108.6128158569336], "o_proj": [51.940608978271484, 59.646400451660156, 78.98068237304688, 134.15524291992188, 148.96307373046875, 122.26438903808594, 166.93687438964844, 149.71156311035156, 153.43527221679688, 141.82461547851562, 94.58663177490234, 116.01177978515625, 76.27046203613281, 85.57530975341797, 107.63832092285156, 197.29708862304688], "gate_proj": [119.97563934326172, 66.10265350341797, 60.28180694580078, 41.77387237548828, 38.12840270996094, 40.99063491821289, 49.173702239990234, 46.13949203491211, 46.41806411743164, 41.1972770690918, 44.15363693237305, 59.59041976928711, 109.86973571777344, 107.32513427734375, 82.05353546142578, 39.08738708496094], "up_proj": [187.10789489746094, 102.75163269042969, 411.79425048828125, 304.67791748046875, 400.7249755859375, 319.9527282714844, 364.9315490722656, 230.90110778808594, 322.2274169921875, 303.9776916503906, 359.0664978027344, 314.45831298828125, 373.39990234375, 296.35833740234375, 136.47898864746094, 35.69701385498047], "down_proj": [205.16099548339844, 211.70034790039062, 172.17198181152344, 200.06285095214844, 159.3199920654297, 113.04376220703125, 87.8862533569336, 86.73690032958984, 141.21432495117188, 159.61279296875, 210.46534729003906, 253.3388671875, 339.5523681640625, 393.8328552246094, 308.14166259765625, 296.5689697265625]}