{"q_proj": [0.99609375, 1.0, 1.0, 1.0, 1.0, 1.0, 1.0, 0.99609375, 0.99609375, 1.0, 0.99609375, 1.0, 1.0, 1.0, 1.0, 1.0, 0.99609375, 0.99609375, 1.0, 1.0, 1.0, 1.0, 0.99609375, 1.0, 1.0, 1.0, 0.99609375, 1.0, 1.0, 0.99609375, 1.0, 1.0], "k_proj": [0.99609375, 0.99609375, 1.0, 1.0, 0.99609375, 1.0, 1.0, 1.0, 0.99609375, 0.99609375, 1.0, 1.0, 1.0, 0.99609375, 0.99609375, 0.99609375, 1.0, 1.0, 1.0, 1.0, 0.99609375, 1.0, 1.0, 1.0, 1.0, 1.0, 1.0, 1.0, 0.99609375, 1.0, 1.0, 0.99609375], "v_proj": [0.99609375, 1.0, 1.0, 0.99609375, 0.99609375, 1.0, 1.0, 0.99609375, 0.99609375, 0.99609375, 1.0, 1.0, 1.0, 1.0, 1.0, 0.99609375, 0.99609375, 0.99609375, 1.0, 1.0, 1.0, 1.0, 1.0, 1.0, 1.0, 1.0, 1.0, 1.0, 1.0, 1.0, 0.99609375, 1.0], "o_proj": [0.99609375, 1.0, 1.0, 0.99609375, 1.0, 0.99609375, 1.0, 1.0, 1.0, 1.0, 1.0, 0.99609375, 1.0, 1.0, 0.99609375, 1.0, 0.99609375, 0.99609375, 1.0, 1.0, 0.99609375, 0.99609375, 0.99609375, 0.99609375, 1.0, 0.99609375, 1.0, 1.0, 0.99609375, 1.0, 0.99609375, 1.0], "gate_proj": [1.0, 0.99609375, 1.0, 1.0, 1.0, 1.0, 1.0, 1.0, 0.99609375, 1.0, 1.0, 1.0, 0.99609375, 1.0, 0.99609375, 0.99609375, 0.99609375, 0.99609375, 1.0, 0.99609375, 1.0, 1.0, 1.0, 1.0, 1.0, 0.99609375, 1.0, 0.99609375, 1.0, 1.0, 1.0, 1.0], "up_proj": [0.99609375, 0.99609375, 1.0, 1.0, 0.99609375, 0.99609375, 1.0, 1.0, 0.99609375, 0.99609375, 1.0, 0.99609375, 0.99609375, 1.0, 1.0, 1.0, 0.99609375, 1.0, 0.99609375, 0.99609375, 0.99609375, 1.0, 1.0, 1.0, 0.99609375, 1.0, 0.99609375, 0.99609375, 0.99609375, 1.0, 1.0, 1.0], "down_proj": [1.0, 1.0, 0.99609375, 0.99609375, 1.0, 0.99609375, 1.0, 0.99609375, 1.0, 1.0, 1.0, 0.99609375, 1.0, 1.0, 0.99609375, 0.99609375, 0.99609375, 0.99609375, 1.0, 1.0, 0.99609375, 1.0, 0.99609375, 1.0, 1.0, 1.0, 0.99609375, 1.0, 1.0, 0.99609375, 1.0, 0.99609375]}