{"q_proj": [681.8027954101562, 1549.8172607421875, 2178.782470703125, 2289.892822265625, 2201.39990234375, 2081.284423828125, 2174.81689453125, 2118.934326171875, 2032.1435546875, 2011.33544921875, 2025.849853515625, 2086.554443359375, 2099.737060546875, 1918.3917236328125, 1994.3673095703125, 1980.6796875, 2119.287841796875, 2122.138427734375, 2280.56103515625, 2372.496826171875, 2365.18212890625, 2395.947509765625, 2407.43603515625, 2481.712890625, 2408.3623046875, 2423.2470703125, 2417.021728515625, 2398.56396484375, 2462.99267578125, 2515.14990234375, 2025.20703125, 2230.847900390625], "k_proj": [305.732666015625, 551.4007568359375, 724.3197021484375, 751.5512084960938, 743.7535400390625, 748.559326171875, 765.0504760742188, 747.793212890625, 723.3182373046875, 723.4765014648438, 737.653564453125, 745.6283569335938, 735.06298828125, 690.3582153320312, 716.3077392578125, 742.0742797851562, 744.2998657226562, 744.375244140625, 755.2429809570312, 800.5673828125, 783.3353881835938, 791.8800048828125, 788.411376953125, 806.1483764648438, 771.1233520507812, 782.5130615234375, 760.8215942382812, 769.0321044921875, 798.177001953125, 821.7426147460938, 691.2261352539062, 760.4943237304688], "v_proj": [858.5222778320312, 909.7661743164062, 876.4638061523438, 925.8901977539062, 902.4204711914062, 889.107177734375, 904.6842041015625, 865.4364624023438, 872.045166015625, 844.66064453125, 847.7578125, 841.2545776367188, 874.3749389648438, 883.2335815429688, 892.5109252929688, 920.029296875, 907.7793579101562, 933.7772827148438, 878.979248046875, 891.5352172851562, 912.6854248046875, 924.9566040039062, 903.1904907226562, 913.7312622070312, 880.488037109375, 900.9029541015625, 947.27978515625, 887.5684814453125, 944.90966796875, 937.5443115234375, 886.4688110351562, 896.74267578125], "o_proj": [2279.961181640625, 2385.482421875, 2395.548095703125, 2561.3466796875, 2474.053955078125, 2401.402099609375, 2459.85791015625, 2393.944091796875, 2319.854248046875, 2294.711181640625, 2381.6552734375, 2263.110595703125, 2360.91455078125, 2276.9501953125, 2325.189697265625, 2440.9052734375, 2463.047607421875, 2490.00537109375, 2537.86865234375, 2587.30126953125, 2629.716552734375, 2667.754150390625, 2687.97265625, 2758.991455078125, 2734.49755859375, 2752.135498046875, 2692.07373046875, 2652.27783203125, 2600.1494140625, 2614.717041015625, 2478.487060546875, 2525.45947265625], "gate_proj": [3350.3662109375, 3462.474365234375, 3618.9716796875, 3557.409912109375, 3556.33447265625, 3541.849853515625, 3526.2841796875, 3510.510009765625, 3448.301513671875, 3428.1337890625, 3427.09619140625, 3439.216552734375, 3449.3603515625, 3432.76123046875, 3449.537841796875, 3432.859375, 3473.31298828125, 3499.474853515625, 3540.90234375, 3563.09765625, 3579.9248046875, 3588.4599609375, 3588.98876953125, 3604.78466796875, 3619.884765625, 3628.258056640625, 3631.183349609375, 3621.916259765625, 3615.932373046875, 3586.165283203125, 3546.32373046875, 3421.70361328125], "up_proj": [3651.050537109375, 3651.067138671875, 3715.271728515625, 3739.5009765625, 3759.736083984375, 3734.578125, 3715.94384765625, 3707.372802734375, 3669.18798828125, 3648.96826171875, 3627.3017578125, 3643.05859375, 3662.011962890625, 3642.47265625, 3680.784423828125, 3673.03125, 3676.096923828125, 3679.871826171875, 3682.599365234375, 3681.414794921875, 3684.53271484375, 3685.9609375, 3674.474609375, 3674.23291015625, 3678.662353515625, 3686.125244140625, 3697.807861328125, 3702.0908203125, 3700.044921875, 3681.3583984375, 3622.602294921875, 3435.7470703125], "down_proj": [3679.3349609375, 3745.82080078125, 3655.261962890625, 3629.89013671875, 3656.28564453125, 3634.005859375, 3610.39306640625, 3546.34375, 3529.20654296875, 3527.052001953125, 3490.091064453125, 3471.20166015625, 3562.263427734375, 3568.174072265625, 3596.63330078125, 3642.683349609375, 3647.1201171875, 3679.687744140625, 3665.124267578125, 3669.953857421875, 3677.19775390625, 3696.697509765625, 3687.78857421875, 3662.274658203125, 3632.481689453125, 3592.623779296875, 3583.919189453125, 3569.1708984375, 3591.37548828125, 3676.08642578125, 3709.2294921875, 3668.90966796875]}