{"q_proj": [5.731404781341553, 38.37139892578125, 65.65100860595703, 57.92277145385742, 59.518741607666016, 66.43157196044922, 67.59123992919922, 59.32728576660156, 86.65618133544922, 80.58555603027344, 88.60916900634766, 77.76298522949219, 52.462074279785156, 72.173828125, 73.3573226928711, 63.03466033935547, 59.31206130981445, 55.01306915283203, 58.26918411254883, 58.830169677734375, 61.94697952270508, 56.09178924560547, 62.26189422607422, 57.69395446777344, 62.8339958190918, 56.6070556640625, 59.696903228759766, 48.742835998535156, 44.639225006103516, 52.7313232421875, 34.138240814208984, 33.77361297607422], "k_proj": [8.659915924072266, 35.253719329833984, 63.678070068359375, 58.19546890258789, 55.05197525024414, 56.81666564941406, 48.05486297607422, 45.681034088134766, 57.56538391113281, 63.185909271240234, 68.96006774902344, 67.90282440185547, 47.50861740112305, 59.74862289428711, 59.47853469848633, 50.660308837890625, 45.75706100463867, 54.362125396728516, 52.21498107910156, 57.18245315551758, 54.41788101196289, 58.130577087402344, 61.71657943725586, 59.706336975097656, 58.9586296081543, 59.47654724121094, 53.34816360473633, 50.58262634277344, 44.38832092285156, 42.41038131713867, 37.0090446472168, 35.089412689208984], "v_proj": [57.4725341796875, 196.02500915527344, 208.77520751953125, 307.46112060546875, 268.8455810546875, 245.93692016601562, 243.3704833984375, 208.51611328125, 256.83184814453125, 235.2195281982422, 199.68597412109375, 189.59910583496094, 261.8515930175781, 279.1111755371094, 298.83941650390625, 267.69183349609375, 292.7268371582031, 278.6888732910156, 272.3675842285156, 265.0540466308594, 279.60614013671875, 287.0340270996094, 299.4350891113281, 234.33114624023438, 307.9827575683594, 249.71722412109375, 302.00244140625, 254.40090942382812, 262.8586730957031, 260.1719665527344, 227.7466583251953, 154.38848876953125], "o_proj": [48.37017059326172, 59.35738754272461, 61.71934509277344, 91.25568389892578, 130.29525756835938, 172.40550231933594, 176.96852111816406, 207.3640899658203, 154.5233612060547, 179.9533233642578, 164.55679321289062, 183.602783203125, 206.95330810546875, 184.1959228515625, 274.3650817871094, 175.17750549316406, 167.42784118652344, 143.44912719726562, 154.23309326171875, 152.8163604736328, 121.91853332519531, 219.79933166503906, 167.023193359375, 213.39456176757812, 309.78692626953125, 270.380126953125, 195.67318725585938, 122.27046203613281, 106.1521987915039, 160.60374450683594, 155.22471618652344, 244.04461669921875], "gate_proj": [95.39911651611328, 181.26364135742188, 142.26588439941406, 116.30461120605469, 88.81611633300781, 88.20560455322266, 85.57652282714844, 88.5177001953125, 88.01460266113281, 78.47127532958984, 79.30626678466797, 81.0839614868164, 72.45721435546875, 67.89277648925781, 70.28473663330078, 62.366050720214844, 66.34825897216797, 70.23396301269531, 76.96517944335938, 88.46688842773438, 90.84469604492188, 99.3175277709961, 99.64134216308594, 110.32508087158203, 129.2589111328125, 137.98724365234375, 116.73541259765625, 90.22835540771484, 86.7468032836914, 78.13378143310547, 65.68575286865234, 34.230037689208984], "up_proj": [254.83203125, 667.6678466796875, 746.013671875, 847.1299438476562, 755.5742797851562, 613.9098510742188, 584.5396118164062, 547.002197265625, 566.1488647460938, 569.860107421875, 584.2498779296875, 568.6582641601562, 485.0543518066406, 544.9137573242188, 556.5068359375, 547.8206176757812, 477.5948791503906, 479.9411315917969, 489.5445556640625, 531.67138671875, 513.3656005859375, 487.093017578125, 516.0237426757812, 581.1873779296875, 693.7723388671875, 659.0418090820312, 505.9366455078125, 377.517333984375, 271.3284606933594, 192.0458221435547, 88.31832885742188, 36.86761474609375], "down_proj": [177.2251739501953, 318.4233093261719, 322.5136413574219, 401.4468994140625, 327.4243469238281, 345.69793701171875, 262.0302429199219, 191.072265625, 201.3406524658203, 189.79283142089844, 204.71890258789062, 158.8018035888672, 187.6703338623047, 281.9687805175781, 309.7309875488281, 327.3963623046875, 403.38372802734375, 384.5495910644531, 379.0618591308594, 495.5426940917969, 508.7659606933594, 539.114501953125, 684.2174072265625, 639.5686645507812, 470.50115966796875, 395.34295654296875, 496.635498046875, 526.6875610351562, 551.70849609375, 912.192138671875, 692.0375366210938, 540.10302734375]}