{"q_proj": [2.0, 1.671875, 1.8515625, 1.8671875, 1.9375, 1.96875, 2.015625, 1.9921875, 2.03125, 2.109375, 2.09375, 2.109375, 2.125, 2.1875, 2.15625, 2.28125, 2.28125, 2.34375, 2.296875, 2.359375, 2.375, 2.390625, 2.328125, 2.296875, 2.25, 2.265625, 2.328125, 2.296875, 2.328125, 2.234375, 2.421875, 2.390625], "k_proj": [1.4765625, 0.87109375, 0.93359375, 0.9296875, 0.9609375, 1.0, 1.015625, 1.015625, 1.046875, 1.078125, 1.0625, 1.1015625, 1.078125, 1.1484375, 1.125, 1.1484375, 1.1484375, 1.1796875, 1.203125, 1.203125, 1.2109375, 1.2265625, 1.203125, 1.171875, 1.1640625, 1.1640625, 1.1875, 1.15625, 1.1796875, 1.1640625, 1.2421875, 1.2421875], "v_proj": [0.73046875, 0.88671875, 0.88671875, 0.86328125, 0.87890625, 0.8828125, 0.859375, 0.828125, 0.859375, 0.84765625, 0.8359375, 0.828125, 0.8359375, 0.83203125, 0.86328125, 0.875, 0.8828125, 0.92578125, 0.953125, 0.97265625, 1.015625, 0.97265625, 1.0390625, 1.0546875, 1.0546875, 1.0625, 1.046875, 1.0859375, 1.0703125, 1.0234375, 1.046875, 0.9375], "o_proj": [1.75, 1.75, 1.8515625, 1.765625, 1.7265625, 1.765625, 1.703125, 1.6171875, 1.59375, 1.6640625, 1.6484375, 1.609375, 1.609375, 1.6484375, 1.6328125, 1.828125, 1.8203125, 1.9296875, 2.078125, 2.09375, 2.171875, 2.0625, 2.171875, 2.25, 2.21875, 2.171875, 2.171875, 2.25, 2.21875, 2.140625, 2.21875, 2.015625], "gate_proj": [3.390625, 3.4375, 3.5, 3.5625, 3.65625, 3.734375, 3.828125, 3.921875, 3.984375, 4.0625, 4.09375, 4.1875, 4.21875, 4.28125, 4.34375, 4.40625, 4.46875, 4.5, 4.5625, 4.5625, 4.5625, 4.53125, 4.53125, 4.5625, 4.5625, 4.5625, 4.59375, 4.59375, 4.65625, 4.6875, 4.625, 4.4375], "up_proj": [3.375, 3.390625, 3.453125, 3.46875, 3.46875, 3.484375, 3.515625, 3.578125, 3.609375, 3.625, 3.671875, 3.734375, 3.78125, 3.859375, 3.90625, 3.96875, 4.0625, 4.09375, 4.15625, 4.1875, 4.1875, 4.15625, 4.21875, 4.25, 4.3125, 4.34375, 4.34375, 4.375, 4.40625, 4.4375, 4.34375, 4.125], "down_proj": [3.40625, 3.4375, 3.484375, 3.515625, 3.5, 3.515625, 3.53125, 3.546875, 3.546875, 3.546875, 3.578125, 3.609375, 3.640625, 3.71875, 3.8125, 3.875, 4.0, 4.03125, 4.125, 4.15625, 4.1875, 4.15625, 4.21875, 4.28125, 4.34375, 4.40625, 4.40625, 4.40625, 4.40625, 4.34375, 4.125, 3.484375]}