{"q_proj": [745.6299438476562, 1047.146728515625, 1081.2542724609375, 1073.32080078125, 1037.237060546875, 947.4400024414062, 959.7140502929688, 906.5278930664062, 904.1261596679688, 898.8303833007812, 893.5264282226562, 1021.568603515625, 1016.7033081054688, 1029.7138671875, 776.2233276367188, 823.614501953125], "k_proj": [290.8607177734375, 370.4847412109375, 389.30999755859375, 378.9986267089844, 383.8573913574219, 373.3922119140625, 345.02099609375, 366.4652404785156, 357.042724609375, 362.4935302734375, 363.8869934082031, 360.7820739746094, 365.7872314453125, 379.24810791015625, 304.8110656738281, 324.8564147949219], "v_proj": [411.1034240722656, 443.44189453125, 446.2461242675781, 468.2609558105469, 462.33203125, 438.65789794921875, 453.6789855957031, 433.883056640625, 448.8271179199219, 477.5009765625, 452.89776611328125, 463.30194091796875, 453.8812561035156, 459.6041259765625, 381.37847900390625, 398.4813537597656], "o_proj": [1023.00634765625, 1184.6474609375, 1213.2783203125, 1295.004150390625, 1205.944580078125, 1129.8687744140625, 1163.3431396484375, 1067.146728515625, 1119.911865234375, 1167.767333984375, 1071.736572265625, 1227.6181640625, 1239.0838623046875, 1289.9329833984375, 1221.6326904296875, 1202.635498046875], "gate_proj": [1819.73828125, 1814.2486572265625, 1804.544677734375, 1747.5394287109375, 1720.867919921875, 1699.9598388671875, 1693.9915771484375, 1660.1451416015625, 1690.4481201171875, 1683.537109375, 1709.6273193359375, 1748.689208984375, 1771.5494384765625, 1767.0172119140625, 1740.580810546875, 1704.8809814453125], "up_proj": [1869.3994140625, 1876.3980712890625, 1883.451171875, 1879.3092041015625, 1868.5416259765625, 1841.755859375, 1838.153564453125, 1823.64013671875, 1848.21142578125, 1841.8323974609375, 1838.08984375, 1820.2960205078125, 1802.9071044921875, 1800.5283203125, 1769.260986328125, 1688.5030517578125], "down_proj": [1882.50439453125, 1848.125732421875, 1817.855712890625, 1813.5460205078125, 1791.54736328125, 1760.70947265625, 1751.9544677734375, 1763.793701171875, 1805.1009521484375, 1814.113037109375, 1834.5064697265625, 1834.554931640625, 1798.6416015625, 1791.971923828125, 1794.721435546875, 1817.265869140625]}