{"q_proj": [194.66827392578125, 843.297607421875, 1182.7108154296875, 1201.437255859375, 1122.3355712890625, 1080.8702392578125, 1083.9552001953125, 1020.00439453125, 987.90869140625, 981.6712646484375, 1022.6591186523438, 987.902587890625, 921.9432983398438, 968.1796875, 920.4937133789062, 1017.9806518554688, 1157.3843994140625, 1229.2852783203125, 1227.2166748046875, 1190.202392578125, 1304.2615966796875, 1257.99658203125, 1286.4278564453125, 1271.2222900390625, 1282.46337890625, 1390.460205078125, 840.782958984375, 986.6719970703125], "k_proj": [167.64881896972656, 417.9896545410156, 586.78955078125, 586.0658569335938, 565.7759399414062, 586.4315185546875, 579.4244384765625, 534.2468872070312, 518.2131958007812, 516.1130981445312, 528.5824584960938, 499.9921875, 472.1589660644531, 499.26483154296875, 519.6553344726562, 520.69580078125, 554.4768676757812, 609.6812133789062, 602.2042236328125, 592.3880615234375, 613.2494506835938, 602.1393432617188, 620.1575927734375, 579.3650512695312, 601.9796752929688, 666.6686401367188, 470.08074951171875, 511.3136901855469], "v_proj": [678.9366455078125, 778.7662963867188, 737.7266235351562, 822.6447143554688, 801.1074829101562, 765.7339477539062, 776.5192260742188, 718.4417114257812, 766.6210327148438, 709.1383666992188, 671.4627685546875, 720.9073486328125, 722.0718994140625, 767.7492065429688, 835.0609741210938, 837.3931884765625, 757.2124633789062, 783.4664306640625, 799.9005126953125, 827.5035400390625, 803.8897705078125, 760.2022094726562, 795.740478515625, 861.5879516601562, 772.0440673828125, 832.8229370117188, 753.0636596679688, 782.1394653320312], "o_proj": [1225.7733154296875, 1383.15771484375, 1355.2386474609375, 1508.2568359375, 1496.9954833984375, 1413.422607421875, 1440.4891357421875, 1356.6307373046875, 1345.0345458984375, 1325.1507568359375, 1273.7568359375, 1354.0953369140625, 1309.1334228515625, 1339.780517578125, 1456.359619140625, 1451.0484619140625, 1493.23486328125, 1501.7249755859375, 1576.6807861328125, 1611.5390625, 1691.1412353515625, 1670.1561279296875, 1681.5362548828125, 1638.978271484375, 1606.8944091796875, 1582.11376953125, 1450.647216796875, 1478.505615234375], "gate_proj": [2173.447021484375, 2150.17919921875, 2295.052734375, 2181.081787109375, 2094.927001953125, 2084.919677734375, 2045.7435302734375, 2027.7869873046875, 1950.95654296875, 1932.1693115234375, 1943.7777099609375, 1954.7064208984375, 1934.1566162109375, 1943.3013916015625, 1931.763916015625, 2009.69384765625, 2130.789794921875, 2179.4755859375, 2211.109375, 2228.39697265625, 2272.375244140625, 2300.027587890625, 2302.432861328125, 2255.957275390625, 2188.05810546875, 2105.35595703125, 2038.7728271484375, 1897.2568359375], "up_proj": [2398.6650390625, 2381.684326171875, 2458.903564453125, 2490.324951171875, 2513.772216796875, 2484.3212890625, 2465.14208984375, 2442.64453125, 2393.99169921875, 2353.58349609375, 2345.84912109375, 2374.412353515625, 2352.384033203125, 2401.43798828125, 2411.584228515625, 2416.9248046875, 2423.542236328125, 2425.17333984375, 2427.7939453125, 2430.272705078125, 2411.080810546875, 2412.767822265625, 2418.32763671875, 2424.404296875, 2413.200439453125, 2339.60546875, 2218.982177734375, 1741.3345947265625], "down_proj": [2411.484375, 2470.485595703125, 2347.9775390625, 2335.56396484375, 2354.142333984375, 2329.01904296875, 2316.2548828125, 2215.222900390625, 2220.17919921875, 2201.022216796875, 2156.985595703125, 2238.066162109375, 2273.0439453125, 2304.540771484375, 2390.014404296875, 2423.032470703125, 2404.24755859375, 2421.01025390625, 2418.01171875, 2431.755126953125, 2400.36181640625, 2358.20166015625, 2283.316162109375, 2256.57275390625, 2156.9794921875, 2324.97998046875, 2374.375, 2339.98388671875]}