{"q_proj": [5.696091175079346, 30.143699645996094, 48.3323974609375, 37.362308502197266, 35.02170944213867, 40.375816345214844, 39.779640197753906, 34.4620475769043, 46.88469314575195, 47.67152404785156, 45.722572326660156, 36.50651168823242, 53.588096618652344, 48.130672454833984, 39.958885192871094, 38.79323959350586, 42.48372268676758, 39.19529342651367, 41.1485710144043, 32.87620162963867, 35.2962760925293, 37.09957504272461, 34.67261505126953, 38.53205490112305, 37.87467956542969, 45.84346008300781, 27.286792755126953, 23.46282196044922], "k_proj": [7.764563083648682, 32.76608657836914, 60.837623596191406, 44.46038818359375, 40.242610931396484, 48.32186508178711, 38.45800018310547, 35.712249755859375, 42.99306869506836, 46.667205810546875, 50.49538040161133, 36.18153762817383, 45.728904724121094, 42.99463653564453, 33.50164794921875, 38.39961242675781, 40.85199737548828, 38.28245162963867, 38.34336853027344, 36.28628158569336, 37.55598449707031, 39.538082122802734, 42.41767883300781, 38.05966567993164, 38.40035629272461, 42.462860107421875, 31.50175666809082, 23.027191162109375], "v_proj": [174.28564453125, 276.91961669921875, 185.90956115722656, 289.36944580078125, 262.39764404296875, 240.7138671875, 219.46051025390625, 201.5022735595703, 235.34828186035156, 222.9677734375, 177.9163055419922, 211.14263916015625, 227.3568572998047, 277.21136474609375, 279.5164794921875, 310.1253967285156, 244.76541137695312, 303.7671203613281, 269.7684326171875, 300.41693115234375, 267.01043701171875, 300.3536682128906, 271.9491271972656, 299.5980224609375, 285.43035888671875, 234.1292724609375, 212.73419189453125, 280.7320861816406], "o_proj": [60.91718292236328, 67.95651245117188, 62.2535514831543, 98.97032165527344, 123.31859588623047, 151.91354370117188, 150.5867919921875, 176.6833953857422, 141.7948455810547, 134.36813354492188, 148.4987030029297, 151.2912139892578, 178.6696319580078, 233.0188446044922, 154.19940185546875, 133.19325256347656, 161.60171508789062, 172.4381866455078, 130.65806579589844, 219.6529083251953, 208.55662536621094, 281.78985595703125, 234.59986877441406, 205.5402374267578, 146.09535217285156, 107.01118469238281, 127.43623352050781, 141.02896118164062], "gate_proj": [134.63648986816406, 133.99533081054688, 105.20620727539062, 77.50188446044922, 53.61180114746094, 57.38221740722656, 52.614933013916016, 54.9614372253418, 54.65209197998047, 50.54063415527344, 52.30048370361328, 51.01165008544922, 47.14179611206055, 46.68507766723633, 43.887184143066406, 44.61709213256836, 56.474754333496094, 63.68726348876953, 66.4793930053711, 71.23558807373047, 84.84432983398438, 106.884521484375, 112.11853790283203, 76.12532806396484, 55.62958526611328, 50.847618103027344, 47.35922622680664, 43.7581672668457], "up_proj": [237.77674865722656, 427.87646484375, 548.62939453125, 588.6965942382812, 573.5650634765625, 513.2938842773438, 483.83319091796875, 451.974365234375, 455.3851318359375, 488.71185302734375, 380.26953125, 417.9305419921875, 455.28741455078125, 518.3976440429688, 523.9940795898438, 469.0035095214844, 460.4010925292969, 459.87347412109375, 441.5362243652344, 402.6719055175781, 432.35870361328125, 498.8203125, 471.2594299316406, 344.1429748535156, 213.130859375, 117.71246337890625, 61.68073272705078, 27.02980613708496], "down_proj": [217.1498565673828, 254.87754821777344, 253.2953643798828, 315.578369140625, 258.5574645996094, 283.92620849609375, 231.0474090576172, 169.1799774169922, 160.69009399414062, 146.6294708251953, 145.25479125976562, 139.57167053222656, 240.2678985595703, 265.7353820800781, 244.974365234375, 297.9482116699219, 362.18243408203125, 453.424560546875, 402.45343017578125, 420.6954345703125, 480.12176513671875, 403.0076904296875, 407.1158142089844, 428.4824523925781, 355.0276184082031, 413.0335998535156, 401.5875549316406, 344.93389892578125]}