{"q_proj": [209.09999084472656, 910.3081665039062, 1515.1053466796875, 1583.8211669921875, 1482.0008544921875, 1386.739013671875, 1453.80078125, 1385.1859130859375, 1309.0135498046875, 1263.7906494140625, 1322.2125244140625, 1379.8297119140625, 1322.425048828125, 1182.472900390625, 1259.2701416015625, 1249.3697509765625, 1395.4398193359375, 1372.1092529296875, 1550.8812255859375, 1667.6566162109375, 1667.177978515625, 1680.42041015625, 1717.281494140625, 1805.56884765625, 1709.254150390625, 1716.8385009765625, 1704.748046875, 1693.64453125, 1755.9564208984375, 1819.340576171875, 1199.3828125, 1406.2984619140625], "k_proj": [151.69436645507812, 387.3219299316406, 588.2210693359375, 601.341064453125, 585.8043212890625, 602.2559204101562, 604.6914672851562, 581.4920043945312, 559.0661010742188, 557.4630126953125, 581.2871704101562, 592.0542602539062, 559.4722290039062, 514.3640747070312, 539.9962158203125, 575.1618041992188, 575.14208984375, 571.599853515625, 588.6346435546875, 653.1468505859375, 629.066650390625, 632.697021484375, 638.550537109375, 661.5313720703125, 621.399658203125, 650.1830444335938, 602.0261840820312, 625.8148193359375, 639.8297729492188, 672.9096069335938, 498.0360107421875, 576.2379150390625], "v_proj": [730.3646850585938, 821.2141723632812, 773.360595703125, 847.3695678710938, 814.775634765625, 792.7379760742188, 817.1521606445312, 753.1495361328125, 768.81787109375, 719.2931518554688, 726.7911987304688, 715.71923828125, 768.7573852539062, 789.3172607421875, 796.9639892578125, 840.5740966796875, 830.10986328125, 860.310791015625, 782.4199829101562, 800.1488647460938, 830.0469360351562, 847.4019165039062, 812.18603515625, 828.2760620117188, 782.4733276367188, 807.7460327148438, 882.98486328125, 781.273193359375, 882.9574584960938, 868.3206176757812, 783.7553100585938, 801.7884521484375], "o_proj": [1589.425048828125, 1703.783447265625, 1700.897705078125, 1931.0418701171875, 1852.3819580078125, 1766.920654296875, 1843.2720947265625, 1745.7933349609375, 1675.1195068359375, 1647.685546875, 1748.7728271484375, 1600.3121337890625, 1755.6416015625, 1625.336669921875, 1696.9483642578125, 1823.9730224609375, 1845.5640869140625, 1879.4033203125, 1897.96630859375, 1986.7879638671875, 2043.446533203125, 2108.9208984375, 2138.76025390625, 2222.284912109375, 2190.147705078125, 2201.81591796875, 2145.287109375, 2075.06005859375, 2013.3367919921875, 2023.24169921875, 1883.007568359375, 1922.8834228515625], "gate_proj": [2619.776611328125, 2878.97314453125, 3205.6953125, 3053.09326171875, 3043.984619140625, 3030.98681640625, 3004.06005859375, 2974.49169921875, 2872.259765625, 2839.1298828125, 2843.378662109375, 2863.80126953125, 2863.952880859375, 2837.526123046875, 2877.049072265625, 2844.156982421875, 2926.857666015625, 2974.981201171875, 3055.09423828125, 3105.626708984375, 3135.28125, 3154.68359375, 3159.690673828125, 3195.34521484375, 3227.75830078125, 3243.235595703125, 3235.9658203125, 3199.412841796875, 3174.442138671875, 3102.610107421875, 2997.8525390625, 2632.597412109375], "up_proj": [3245.714111328125, 3284.25537109375, 3419.0966796875, 3458.248779296875, 3484.252197265625, 3441.883056640625, 3404.36083984375, 3380.62646484375, 3313.3681640625, 3279.98583984375, 3246.0205078125, 3270.886474609375, 3290.349853515625, 3267.223388671875, 3338.995361328125, 3335.265380859375, 3345.84228515625, 3355.079833984375, 3362.453369140625, 3363.123779296875, 3368.975830078125, 3371.460205078125, 3355.178955078125, 3355.3486328125, 3361.5654296875, 3372.45068359375, 3388.360107421875, 3391.52197265625, 3379.491943359375, 3334.781982421875, 3185.4658203125, 2701.5947265625], "down_proj": [3288.90673828125, 3447.1259765625, 3276.171875, 3254.80224609375, 3293.033935546875, 3258.302490234375, 3211.5888671875, 3078.6591796875, 3066.57177734375, 3061.7822265625, 3012.603759765625, 2953.58251953125, 3111.62109375, 3132.528564453125, 3182.754150390625, 3278.297119140625, 3295.57861328125, 3351.549072265625, 3327.09130859375, 3335.593017578125, 3345.72412109375, 3383.164794921875, 3376.10302734375, 3332.181640625, 3270.6494140625, 3182.911865234375, 3176.6650390625, 3136.333984375, 3179.668701171875, 3351.603515625, 3395.9169921875, 3318.8330078125]}