{"q_proj": [1998.613525390625, 3124.5751953125, 3575.7626953125, 3678.36474609375, 3567.50830078125, 3455.94921875, 3600.968505859375, 3419.214111328125, 3349.466796875, 3327.16943359375, 3397.75927734375, 3283.290283203125, 3328.990478515625, 3211.7578125, 3210.201416015625, 3499.3857421875, 3500.00537109375, 3519.69580078125, 3593.472900390625, 3661.517333984375, 3614.168701171875, 3592.748291015625, 3508.70068359375, 3566.375244140625, 3454.70751953125, 3415.7861328125, 3430.0791015625, 3358.955322265625, 3394.642578125, 3423.938720703125, 2922.1220703125, 3362.627685546875], "k_proj": [965.1046752929688, 1319.1572265625, 1544.2857666015625, 1569.0013427734375, 1539.164794921875, 1548.716796875, 1565.946044921875, 1561.308349609375, 1511.456787109375, 1503.726318359375, 1537.21484375, 1529.3516845703125, 1481.156494140625, 1476.0201416015625, 1489.8966064453125, 1489.094482421875, 1507.3074951171875, 1507.1224365234375, 1554.451416015625, 1533.2508544921875, 1494.1163330078125, 1513.1446533203125, 1472.6771240234375, 1482.4283447265625, 1380.6068115234375, 1386.9102783203125, 1406.046875, 1395.6417236328125, 1353.7220458984375, 1440.1492919921875, 1151.5478515625, 1335.626953125], "v_proj": [433.6274719238281, 552.1547241210938, 448.40777587890625, 542.21875, 574.2496948242188, 476.564208984375, 520.3738403320312, 502.5766296386719, 531.8650512695312, 606.1676635742188, 525.0459594726562, 513.7875366210938, 614.4141235351562, 574.989990234375, 572.48388671875, 633.1766967773438, 593.73779296875, 660.093994140625, 585.1387939453125, 621.045166015625, 662.0471801757812, 685.5880737304688, 714.5354614257812, 756.5763549804688, 810.0133056640625, 823.2018432617188, 880.919189453125, 911.7841186523438, 972.8971557617188, 1004.140380859375, 1160.1986083984375, 1030.43115234375], "o_proj": [1631.96337890625, 1916.02783203125, 1759.9593505859375, 2076.265380859375, 2081.230712890625, 1901.1097412109375, 2006.489990234375, 2010.5882568359375, 2021.763916015625, 2150.943359375, 2035.7899169921875, 2021.2265625, 2177.43994140625, 2093.97802734375, 2106.03369140625, 2240.44921875, 2198.1640625, 2291.03125, 2258.645751953125, 2309.004638671875, 2307.45947265625, 2377.316650390625, 2431.520751953125, 2508.653564453125, 2604.71728515625, 2622.997802734375, 2640.758544921875, 2686.4951171875, 2728.35107421875, 2815.684326171875, 2919.9912109375, 2895.4775390625], "gate_proj": [5679.90380859375, 5847.904296875, 6124.52783203125, 6396.65625, 6706.2880859375, 6680.52392578125, 6688.0205078125, 6551.7724609375, 6511.7861328125, 6570.56103515625, 6418.9775390625, 6347.654296875, 6280.740234375, 6271.23046875, 6425.013671875, 6557.08203125, 6739.78369140625, 6826.982421875, 6884.8037109375, 6944.0146484375, 6955.88525390625, 7011.6845703125, 7008.6806640625, 7031.556640625, 7071.43603515625, 7124.64404296875, 7173.326171875, 7217.10302734375, 7168.373046875, 7123.09375, 7326.52392578125, 8171.3740234375], "up_proj": [5432.7763671875, 5528.982421875, 5551.46240234375, 5481.95947265625, 5380.66796875, 5394.11181640625, 5378.8486328125, 5440.283203125, 5394.0791015625, 5432.68994140625, 5495.22998046875, 5539.1396484375, 5657.5732421875, 5665.654296875, 5682.30126953125, 5643.37841796875, 5577.400390625, 5564.00634765625, 5540.96826171875, 5521.91552734375, 5543.30322265625, 5562.17041015625, 5570.46728515625, 5588.78662109375, 5610.8955078125, 5654.94140625, 5702.84814453125, 5766.80126953125, 5867.10888671875, 5984.3046875, 6057.7509765625, 6744.111328125], "down_proj": [5463.94970703125, 5591.88671875, 5530.18896484375, 5390.033203125, 5294.7783203125, 5302.9931640625, 5281.63916015625, 5303.400390625, 5280.52490234375, 5297.5361328125, 5340.33740234375, 5362.4326171875, 5510.92138671875, 5518.78125, 5535.29638671875, 5555.95263671875, 5494.3837890625, 5516.59375, 5492.86328125, 5488.73046875, 5515.3798828125, 5547.20751953125, 5558.904296875, 5559.875, 5559.01953125, 5566.15185546875, 5598.51416015625, 5635.8740234375, 5731.5380859375, 5876.619140625, 5918.33935546875, 6018.3837890625]}