{"q_proj": [683.0942993164062, 1550.0701904296875, 2179.0234375, 2290.399658203125, 2201.84375, 2082.363037109375, 2175.584716796875, 2119.742431640625, 2033.163330078125, 2012.515869140625, 2026.9993896484375, 2088.0341796875, 2100.680419921875, 1920.0069580078125, 1995.54541015625, 1981.7864990234375, 2120.27880859375, 2123.281494140625, 2281.275390625, 2373.574462890625, 2366.261962890625, 2396.54638671875, 2408.01513671875, 2482.30908203125, 2409.03125, 2424.188720703125, 2417.545654296875, 2399.3916015625, 2463.543701171875, 2515.87353515625, 2026.6561279296875, 2230.926513671875], "k_proj": [306.00347900390625, 551.4932861328125, 724.4544067382812, 751.7369995117188, 743.91162109375, 748.7916259765625, 765.2803955078125, 747.9439697265625, 723.5850219726562, 723.6635131835938, 737.9146118164062, 745.8829956054688, 735.2781982421875, 690.5720825195312, 716.7329711914062, 742.2369995117188, 744.464599609375, 744.6911010742188, 755.5093994140625, 800.7188720703125, 783.548095703125, 791.981201171875, 788.3429565429688, 806.2530517578125, 771.238037109375, 782.8217163085938, 760.98291015625, 769.2603149414062, 798.2763061523438, 821.8983764648438, 691.4785766601562, 760.4992065429688], "v_proj": [858.9063720703125, 909.761962890625, 876.8064575195312, 925.9736328125, 902.6267700195312, 889.5081787109375, 904.9583129882812, 865.9888305664062, 872.45166015625, 845.060546875, 848.3668823242188, 841.7867431640625, 874.8770141601562, 883.51123046875, 892.6533813476562, 920.363037109375, 908.1168212890625, 934.0205078125, 879.5465087890625, 891.894287109375, 912.84228515625, 925.1807250976562, 903.4072875976562, 913.91943359375, 880.8701171875, 901.1767578125, 947.2833862304688, 887.7626342773438, 944.89697265625, 937.5848388671875, 886.3527221679688, 896.764892578125], "o_proj": [2283.278564453125, 2387.52685546875, 2397.58056640625, 2563.043212890625, 2476.28857421875, 2404.500244140625, 2462.441162109375, 2396.80712890625, 2323.407958984375, 2298.537353515625, 2384.93017578125, 2267.100830078125, 2365.232421875, 2281.104248046875, 2329.74609375, 2443.87890625, 2466.43212890625, 2492.820556640625, 2540.60498046875, 2590.228271484375, 2631.908203125, 2669.402099609375, 2690.275634765625, 2760.316650390625, 2735.808349609375, 2753.243896484375, 2693.72705078125, 2654.631591796875, 2602.332763671875, 2616.477294921875, 2480.361572265625, 2526.275390625], "gate_proj": [3351.197265625, 3462.1845703125, 3618.6767578125, 3557.0791015625, 3556.0126953125, 3541.508056640625, 3525.843505859375, 3510.018310546875, 3447.865478515625, 3427.6220703125, 3426.49072265625, 3438.61376953125, 3448.7578125, 3432.111083984375, 3448.86669921875, 3432.234619140625, 3472.730712890625, 3498.964599609375, 3540.51904296875, 3562.794921875, 3579.72412109375, 3588.1767578125, 3588.806640625, 3604.59765625, 3619.682373046875, 3628.05419921875, 3630.86572265625, 3621.52197265625, 3615.397705078125, 3585.422119140625, 3545.29248046875, 3420.282958984375], "up_proj": [3650.92578125, 3650.602783203125, 3715.137451171875, 3739.30078125, 3759.581787109375, 3734.56494140625, 3715.946044921875, 3707.352294921875, 3669.3017578125, 3649.17138671875, 3627.451904296875, 3643.086181640625, 3661.954345703125, 3642.499267578125, 3680.71826171875, 3673.05224609375, 3676.182373046875, 3679.930419921875, 3682.784423828125, 3681.631103515625, 3684.908935546875, 3686.393798828125, 3675.0322265625, 3674.712890625, 3679.08056640625, 3686.47900390625, 3698.03564453125, 3702.333251953125, 3700.2333984375, 3681.593994140625, 3623.062255859375, 3435.979248046875], "down_proj": [3679.2861328125, 3745.64306640625, 3655.533935546875, 3630.27880859375, 3656.7412109375, 3634.545166015625, 3610.9189453125, 3546.9248046875, 3529.9794921875, 3527.49609375, 3490.6201171875, 3471.5927734375, 3562.58544921875, 3568.32861328125, 3596.81640625, 3642.94482421875, 3647.43603515625, 3679.914306640625, 3665.257568359375, 3670.140625, 3677.3525390625, 3696.939453125, 3688.224609375, 3662.8125, 3633.155517578125, 3593.519287109375, 3584.8876953125, 3570.12353515625, 3592.369140625, 3676.4892578125, 3709.77197265625, 3669.27783203125]}